subfolder,filename,n,m,T_star,Cmax,ratio,time_total,int_in_lp
instancias100a200,1011.txt,1000,10,10878,10991.0,1.010388,2.91,987
instancias100a200,1012.txt,1000,10,10802,10856.0,1.004999,2.688,990
instancias100a200,1013.txt,1000,10,10877,10974.0,1.008918,2.875,988
instancias100a200,1014.txt,1000,10,10859,10952.0,1.008564,2.835,984
instancias100a200,1015.txt,1000,10,10864,11032.0,1.015464,2.482,976
instancias100a200,1016.txt,1000,10,10871,10959.0,1.008095,2.696,990
instancias100a200,1017.txt,1000,10,10843,10941.0,1.009038,2.588,984
instancias100a200,1018.txt,1000,10,10890,11099.0,1.019192,2.638,983
instancias100a200,1019.txt,1000,10,10837,10923.0,1.007936,2.668,988
instancias100a200,1020.txt,1000,10,10885,10984.0,1.009095,2.716,986
instancias100a200,1021.txt,1000,20,5207,5315.0,1.020741,6.303,978
instancias100a200,1022.txt,1000,20,5217,5305.0,1.016868,6.551,982
instancias100a200,1023.txt,1000,20,5201,5292.0,1.017497,6.9,975
instancias100a200,1024.txt,1000,20,5215,5319.0,1.019942,6.299,978
instancias100a200,1025.txt,1000,20,5225,5341.0,1.022201,7.151,972
instancias100a200,1026.txt,1000,20,5217,5325.0,1.020702,7.128,980
instancias100a200,1027.txt,1000,20,5229,5316.0,1.016638,6.31,980
instancias100a200,1028.txt,1000,20,5223,5327.0,1.019912,6.448,979
instancias100a200,1029.txt,1000,20,5216,5400.0,1.035276,6.386,974
instancias100a200,1030.txt,1000,20,5211,5321.0,1.021109,6.973,981
instancias100a200,1031.txt,1000,30,3429,3591.0,1.047244,9.02,967
instancias100a200,1032.txt,1000,30,3436,3633.0,1.057334,9.078,960
instancias100a200,1033.txt,1000,30,3423,3590.0,1.048788,10.378,962
instancias100a200,1034.txt,1000,30,3427,3514.0,1.025387,9.606,969
instancias100a200,1035.txt,1000,30,3427,3507.0,1.023344,10.8,969
instancias100a200,1036.txt,1000,30,3426,3592.0,1.048453,11.148,960
instancias100a200,1037.txt,1000,30,3428,3529.0,1.029463,11.067,971
instancias100a200,1038.txt,1000,30,3427,3596.0,1.049314,10.377,964
instancias100a200,1039.txt,1000,30,3428,3713.0,1.083139,8.844,955
instancias100a200,1040.txt,1000,30,3427,3578.0,1.044062,10.553,961
instancias100a200,1041.txt,1000,40,2549,2658.0,1.042762,15.675,960
instancias100a200,1042.txt,1000,40,2547,2649.0,1.040047,17.542,960
instancias100a200,1043.txt,1000,40,2552,2651.0,1.038793,16.987,960
instancias100a200,1044.txt,1000,40,2550,2653.0,1.040392,16.575,960
instancias100a200,1045.txt,1000,40,2552,2660.0,1.04232,14.945,952
instancias100a200,1046.txt,1000,40,2550,2656.0,1.041569,15.415,959
instancias100a200,1047.txt,1000,40,2551,2651.0,1.0392,14.505,959
instancias100a200,1048.txt,1000,40,2550,2754.0,1.08,13.497,956
instancias100a200,1049.txt,1000,40,2550,2752.0,1.079216,15.802,959
instancias100a200,1050.txt,1000,40,2549,2649.0,1.039231,15.179,958
instancias100a200,1051.txt,1000,50,2032,2218.0,1.091535,21.048,945
instancias100a200,1052.txt,1000,50,2029,2136.0,1.052735,17.297,945
instancias100a200,1053.txt,1000,50,2030,2134.0,1.051232,18.14,953
instancias100a200,1054.txt,1000,50,2031,2133.0,1.050222,18.166,951
instancias100a200,1055.txt,1000,50,2030,2130.0,1.049261,21.903,951
instancias100a200,1056.txt,1000,50,2030,2133.0,1.050739,22.128,954
instancias100a200,1057.txt,1000,50,2030,2131.0,1.049754,21.187,953
instancias100a200,1058.txt,1000,50,2032,2139.0,1.052657,23.408,945
instancias100a200,1059.txt,1000,50,2034,2135.0,1.049656,22.858,952
instancias100a200,1060.txt,1000,50,2031,2145.0,1.05613,19.43,941
instancias100a200,111.txt,100,10,1104,1206.0,1.092391,0.117,90
instancias100a200,112.txt,100,10,1076,1174.0,1.091078,0.107,90
instancias100a200,113.txt,100,10,1086,1179.0,1.085635,0.097,90
instancias100a200,114.txt,100,10,1102,1184.0,1.07441,0.084,89
instancias100a200,115.txt,100,10,1092,1192.0,1.091575,0.092,90
instancias100a200,116.txt,100,10,1088,1181.0,1.085478,0.091,85
instancias100a200,117.txt,100,10,1102,1217.0,1.104356,0.098,90
instancias100a200,118.txt,100,10,1093,1234.0,1.129003,0.115,85
instancias100a200,119.txt,100,10,1103,1202.0,1.089755,0.128,86
instancias100a200,120.txt,100,10,1086,1213.0,1.116943,0.105,91
instancias100a200,121.txt,100,20,523,738.0,1.41109,0.186,79
instancias100a200,122.txt,100,20,529,632.0,1.194707,0.155,79
instancias100a200,123.txt,100,20,525,643.0,1.224762,0.169,75
instancias100a200,124.txt,100,20,524,626.0,1.194656,0.149,73
instancias100a200,125.txt,100,20,525,634.0,1.207619,0.157,82
instancias100a200,126.txt,100,20,523,629.0,1.202677,0.206,81
instancias100a200,127.txt,100,20,527,730.0,1.385199,0.165,70
instancias100a200,128.txt,100,20,522,722.0,1.383142,0.182,75
instancias100a200,129.txt,100,20,523,624.0,1.193117,0.168,80
instancias100a200,130.txt,100,20,522,638.0,1.222222,0.185,79
instancias100a200,131.txt,100,30,345,425.0,1.231884,0.262,64
instancias100a200,132.txt,100,30,346,624.0,1.803468,0.285,63
instancias100a200,133.txt,100,30,345,424.0,1.228986,0.267,73
instancias100a200,134.txt,100,30,344,507.0,1.473837,0.246,67
instancias100a200,135.txt,100,30,344,511.0,1.485465,0.204,69
instancias100a200,136.txt,100,30,345,438.0,1.269565,0.247,72
instancias100a200,137.txt,100,30,345,426.0,1.234783,0.33,72
instancias100a200,138.txt,100,30,344,448.0,1.302326,0.243,71
instancias100a200,139.txt,100,30,343,518.0,1.510204,0.237,70
instancias100a200,140.txt,100,30,344,429.0,1.247093,0.221,66
instancias100a200,141.txt,100,40,257,319.0,1.241245,0.358,64
instancias100a200,142.txt,100,40,257,315.0,1.225681,0.348,67
instancias100a200,143.txt,100,40,257,319.0,1.241245,0.353,58
instancias100a200,144.txt,100,40,256,315.0,1.230469,0.423,63
instancias100a200,145.txt,100,40,256,317.0,1.238281,0.354,62
instancias100a200,146.txt,100,40,256,317.0,1.238281,0.343,65
instancias100a200,147.txt,100,40,257,315.0,1.225681,0.378,63
instancias100a200,148.txt,100,40,257,329.0,1.280156,0.345,67
instancias100a200,149.txt,100,40,257,317.0,1.233463,0.372,65
instancias100a200,150.txt,100,40,256,313.0,1.222656,0.376,62
instancias100a200,151.txt,100,50,205,313.0,1.526829,0.488,56
instancias100a200,152.txt,100,50,205,312.0,1.521951,0.421,53
instancias100a200,153.txt,100,50,205,313.0,1.526829,0.449,62
instancias100a200,154.txt,100,50,204,308.0,1.509804,0.527,65
instancias100a200,155.txt,100,50,204,312.0,1.529412,0.468,54
instancias100a200,156.txt,100,50,205,308.0,1.502439,0.531,58
instancias100a200,157.txt,100,50,204,322.0,1.578431,0.431,59
instancias100a200,158.txt,100,50,205,317.0,1.546341,0.448,62
instancias100a200,159.txt,100,50,205,306.0,1.492683,0.464,61
instancias100a200,160.txt,100,50,205,318.0,1.55122,0.413,63
instancias100a200,211.txt,200,10,2183,2475.0,1.133761,0.233,181
instancias100a200,212.txt,200,10,2182,2366.0,1.084326,0.193,187
instancias100a200,213.txt,200,10,2177,2327.0,1.068902,0.201,179
instancias100a200,214.txt,200,10,2174,2272.0,1.045078,0.213,190
instancias100a200,215.txt,200,10,2196,2306.0,1.050091,0.198,190
instancias100a200,216.txt,200,10,2161,2268.0,1.049514,0.187,188
instancias100a200,217.txt,200,10,2168,2296.0,1.059041,0.202,178
instancias100a200,218.txt,200,10,2177,2272.0,1.043638,0.191,188
instancias100a200,219.txt,200,10,2174,2265.0,1.041858,0.228,191
instancias100a200,220.txt,200,10,2184,2287.0,1.047161,0.219,190
instancias100a200,221.txt,200,20,1044,1146.0,1.097701,0.388,181
instancias100a200,222.txt,200,20,1047,1256.0,1.199618,0.491,171
instancias100a200,223.txt,200,20,1042,1141.0,1.09501,0.434,177
instancias100a200,224.txt,200,20,1049,1157.0,1.102955,0.457,177
instancias100a200,225.txt,200,20,1043,1349.0,1.293384,0.442,173
instancias100a200,226.txt,200,20,1048,1151.0,1.098282,0.375,181
instancias100a200,227.txt,200,20,1047,1252.0,1.195798,0.506,170
instancias100a200,228.txt,200,20,1045,1146.0,1.096651,0.404,178
instancias100a200,229.txt,200,20,1048,1148.0,1.09542,0.386,181
instancias100a200,230.txt,200,20,1043,1146.0,1.098754,0.496,180
instancias100a200,231.txt,200,30,686,738.0,1.075802,0.665,170
instancias100a200,232.txt,200,30,686,817.0,1.190962,0.608,163
instancias100a200,233.txt,200,30,687,821.0,1.195051,0.597,163
instancias100a200,234.txt,200,30,686,828.0,1.206997,0.569,166
instancias100a200,235.txt,200,30,683,740.0,1.083455,0.535,170
instancias100a200,236.txt,200,30,690,832.0,1.205797,0.572,163
instancias100a200,237.txt,200,30,686,820.0,1.195335,0.587,163
instancias100a200,238.txt,200,30,687,733.0,1.066958,0.64,172
instancias100a200,239.txt,200,30,688,832.0,1.209302,0.727,166
instancias100a200,240.txt,200,30,689,921.0,1.33672,0.697,167
instancias100a200,241.txt,200,40,511,615.0,1.203523,0.896,161
instancias100a200,242.txt,200,40,512,612.0,1.195312,0.946,163
instancias100a200,243.txt,200,40,510,613.0,1.201961,0.916,163
instancias100a200,244.txt,200,40,511,616.0,1.205479,0.949,164
instancias100a200,245.txt,200,40,512,620.0,1.210938,0.885,161
instancias100a200,246.txt,200,40,512,616.0,1.203125,0.765,161
instancias100a200,247.txt,200,40,512,616.0,1.203125,0.812,157
instancias100a200,248.txt,200,40,512,620.0,1.210938,0.908,154
instancias100a200,249.txt,200,40,509,617.0,1.212181,0.864,162
instancias100a200,250.txt,200,40,513,635.0,1.237817,0.857,161
instancias100a200,251.txt,200,50,408,514.0,1.259804,1.062,149
instancias100a200,252.txt,200,50,408,511.0,1.252451,1.193,153
instancias100a200,253.txt,200,50,407,505.0,1.240786,1.066,158
instancias100a200,254.txt,200,50,407,512.0,1.257985,1.165,151
instancias100a200,255.txt,200,50,408,511.0,1.252451,1.06,153
instancias100a200,256.txt,200,50,407,508.0,1.248157,1.104,157
instancias100a200,257.txt,200,50,408,607.0,1.487745,1.197,147
instancias100a200,258.txt,200,50,407,511.0,1.255528,0.999,154
instancias100a200,259.txt,200,50,408,512.0,1.254902,1.232,157
instancias100a200,260.txt,200,50,408,515.0,1.262255,1.277,154
instancias100a200,511.txt,500,10,5453,5537.0,1.015404,0.906,488
instancias100a200,512.txt,500,10,5434,5503.0,1.012698,0.748,488
instancias100a200,513.txt,500,10,5450,5538.0,1.016147,0.69,490
instancias100a200,514.txt,500,10,5420,5546.0,1.023247,0.782,485
instancias100a200,515.txt,500,10,5452,5564.0,1.020543,0.811,488
instancias100a200,516.txt,500,10,5447,5616.0,1.031026,0.669,487
instancias100a200,517.txt,500,10,5407,5571.0,1.030331,0.781,488
instancias100a200,518.txt,500,10,5416,5510.0,1.017356,0.825,491
instancias100a200,519.txt,500,10,5441,5525.0,1.015438,0.825,490
instancias100a200,520.txt,500,10,5432,5508.0,1.013991,0.817,489
instancias100a200,521.txt,500,20,2610,2829.0,1.083908,1.535,468
instancias100a200,522.txt,500,20,2605,2791.0,1.071401,1.665,475
instancias100a200,523.txt,500,20,2613,2716.0,1.039418,1.734,476
instancias100a200,524.txt,500,20,2613,2734.0,1.046307,1.57,469
instancias100a200,525.txt,500,20,2620,2715.0,1.03626,1.619,478
instancias100a200,526.txt,500,20,2608,2698.0,1.034509,1.588,480
instancias100a200,527.txt,500,20,2607,2758.0,1.057921,1.465,476
instancias100a200,528.txt,500,20,2610,2712.0,1.03908,1.721,471
instancias100a200,529.txt,500,20,2612,2795.0,1.070061,1.813,474
instancias100a200,530.txt,500,20,2599,2807.0,1.080031,1.429,472
instancias100a200,531.txt,500,30,1712,1841.0,1.07535,2.71,460
instancias100a200,532.txt,500,30,1718,1769.0,1.029686,3.07,471
instancias100a200,533.txt,500,30,1716,1932.0,1.125874,2.921,458
instancias100a200,534.txt,500,30,1716,1786.0,1.040793,3.068,470
instancias100a200,535.txt,500,30,1715,1790.0,1.043732,3.1,471
instancias100a200,536.txt,500,30,1713,1839.0,1.073555,2.945,463
instancias100a200,537.txt,500,30,1711,1764.0,1.030976,3.258,470
instancias100a200,538.txt,500,30,1716,1848.0,1.076923,3.119,465
instancias100a200,539.txt,500,30,1713,1776.0,1.036778,3.006,469
instancias100a200,540.txt,500,30,1718,1785.0,1.038999,2.812,468
instancias100a200,541.txt,500,40,1276,1339.0,1.049373,4.382,453
instancias100a200,542.txt,500,40,1276,1413.0,1.107367,5.215,454
instancias100a200,543.txt,500,40,1276,1345.0,1.054075,4.879,461
instancias100a200,544.txt,500,40,1276,1425.0,1.116771,4.556,453
instancias100a200,545.txt,500,40,1276,1432.0,1.122257,4.527,453
instancias100a200,546.txt,500,40,1276,1426.0,1.117555,3.88,445
instancias100a200,547.txt,500,40,1275,1419.0,1.112941,4.464,456
instancias100a200,548.txt,500,40,1276,1345.0,1.054075,4.114,458
instancias100a200,549.txt,500,40,1275,1354.0,1.061961,4.184,463
instancias100a200,550.txt,500,40,1274,1345.0,1.05573,4.269,461
instancias100a200,551.txt,500,50,1015,1117.0,1.100493,6.271,454
instancias100a200,552.txt,500,50,1016,1118.0,1.100394,5.165,445
instancias100a200,553.txt,500,50,1015,1121.0,1.104433,5.494,442
instancias100a200,554.txt,500,50,1017,1121.0,1.102262,5.893,452
instancias100a200,555.txt,500,50,1016,1117.0,1.099409,6.209,451
instancias100a200,556.txt,500,50,1017,1119.0,1.100295,5.96,450
instancias100a200,557.txt,500,50,1016,1117.0,1.099409,6.769,453
instancias100a200,558.txt,500,50,1016,1116.0,1.098425,6.611,446
instancias100a200,559.txt,500,50,1016,1118.0,1.100394,6.04,455
instancias100a200,560.txt,500,50,1017,1131.0,1.112094,6.718,434
instancias1a100,1011.txt,1000,10,977,1008.0,1.03173,1.321,977
instancias1a100,1012.txt,1000,10,904,960.0,1.061947,1.076,979
instancias1a100,1013.txt,1000,10,977,1017.0,1.040942,1.165,979
instancias1a100,1014.txt,1000,10,959,976.0,1.017727,1.379,977
instancias1a100,1015.txt,1000,10,963,977.0,1.014538,1.304,989
instancias1a100,1016.txt,1000,10,973,992.0,1.019527,1.251,989
instancias1a100,1017.txt,1000,10,942,985.0,1.045648,1.204,991
instancias1a100,1018.txt,1000,10,990,1032.0,1.042424,1.197,983
instancias1a100,1019.txt,1000,10,937,976.0,1.041622,1.173,981
instancias1a100,1020.txt,1000,10,985,1085.0,1.101523,1.269,976
instancias1a100,1021.txt,1000,20,257,273.0,1.062257,1.981,979
instancias1a100,1022.txt,1000,20,266,292.0,1.097744,1.873,978
instancias1a100,1023.txt,1000,20,252,269.0,1.06746,1.824,977
instancias1a100,1024.txt,1000,20,266,289.0,1.086466,1.942,979
instancias1a100,1025.txt,1000,20,275,289.0,1.050909,1.755,980
instancias1a100,1026.txt,1000,20,267,279.0,1.044944,1.765,974
instancias1a100,1027.txt,1000,20,278,310.0,1.115108,2.012,979
instancias1a100,1028.txt,1000,20,271,291.0,1.073801,1.977,978
instancias1a100,1029.txt,1000,20,266,284.0,1.067669,2.157,978
instancias1a100,1030.txt,1000,20,260,291.0,1.119231,1.766,971
instancias1a100,1031.txt,1000,30,128,139.0,1.085938,2.798,972
instancias1a100,1032.txt,1000,30,136,149.0,1.095588,2.768,974
instancias1a100,1033.txt,1000,30,123,142.0,1.154472,2.515,969
instancias1a100,1034.txt,1000,30,126,136.0,1.079365,3.019,972
instancias1a100,1035.txt,1000,30,127,146.0,1.149606,2.304,975
instancias1a100,1036.txt,1000,30,125,140.0,1.12,3.116,973
instancias1a100,1037.txt,1000,30,127,145.0,1.141732,2.448,965
instancias1a100,1038.txt,1000,30,126,141.0,1.119048,3.046,973
instancias1a100,1039.txt,1000,30,128,143.0,1.117188,2.87,967
instancias1a100,1040.txt,1000,30,127,145.0,1.141732,3.094,971
instancias1a100,1041.txt,1000,40,74,93.0,1.256757,4.322,967
instancias1a100,1042.txt,1000,40,73,87.0,1.191781,4.217,968
instancias1a100,1043.txt,1000,40,77,90.0,1.168831,4.436,962
instancias1a100,1044.txt,1000,40,75,87.0,1.16,4.139,968
instancias1a100,1045.txt,1000,40,76,88.0,1.157895,3.915,966
instancias1a100,1046.txt,1000,40,75,88.0,1.173333,4.703,966
instancias1a100,1047.txt,1000,40,76,88.0,1.157895,4.209,967
instancias1a100,1048.txt,1000,40,75,92.0,1.226667,4.426,970
instancias1a100,1049.txt,1000,40,76,85.0,1.118421,3.946,969
instancias1a100,1050.txt,1000,40,74,88.0,1.189189,4.374,968
instancias1a100,1051.txt,1000,50,51,59.0,1.156863,4.617,956
instancias1a100,1052.txt,1000,50,49,57.0,1.163265,4.642,959
instancias1a100,1053.txt,1000,50,50,62.0,1.24,5.342,961
instancias1a100,1054.txt,1000,50,51,60.0,1.176471,4.769,957
instancias1a100,1055.txt,1000,50,50,57.0,1.14,4.673,961
instancias1a100,1056.txt,1000,50,50,62.0,1.24,5.042,960
instancias1a100,1057.txt,1000,50,50,75.0,1.5,4.274,962
instancias1a100,1058.txt,1000,50,52,62.0,1.192308,5.179,962
instancias1a100,1059.txt,1000,50,54,74.0,1.37037,4.526,958
instancias1a100,1060.txt,1000,50,51,64.0,1.254902,5.294,956
instancias1a100,111.txt,100,10,114,152.0,1.333333,0.095,88
instancias1a100,112.txt,100,10,85,103.0,1.211765,0.064,91
instancias1a100,113.txt,100,10,96,125.0,1.302083,0.08,92
instancias1a100,114.txt,100,10,111,131.0,1.18018,0.055,85
instancias1a100,115.txt,100,10,101,136.0,1.346535,0.076,88
instancias1a100,116.txt,100,10,98,117.0,1.193878,0.069,91
instancias1a100,117.txt,100,10,110,137.0,1.245455,0.066,90
instancias1a100,118.txt,100,10,100,131.0,1.31,0.063,89
instancias1a100,119.txt,100,10,111,148.0,1.333333,0.056,86
instancias1a100,120.txt,100,10,95,131.0,1.378947,0.063,92
instancias1a100,121.txt,100,20,28,42.0,1.5,0.124,85
instancias1a100,122.txt,100,20,34,54.0,1.588235,0.106,85
instancias1a100,123.txt,100,20,29,49.0,1.689655,0.125,83
instancias1a100,124.txt,100,20,30,49.0,1.633333,0.123,87
instancias1a100,125.txt,100,20,29,48.0,1.655172,0.103,86
instancias1a100,126.txt,100,20,27,40.0,1.481481,0.108,83
instancias1a100,127.txt,100,20,32,52.0,1.625,0.145,84
instancias1a100,128.txt,100,20,27,44.0,1.62963,0.103,85
instancias1a100,129.txt,100,20,28,44.0,1.571429,0.096,85
instancias1a100,130.txt,100,20,27,45.0,1.666667,0.108,85
instancias1a100,131.txt,100,30,19,30.0,1.578947,0.132,87
instancias1a100,132.txt,100,30,23,35.0,1.521739,0.117,90
instancias1a100,133.txt,100,30,15,23.0,1.533333,0.159,81
instancias1a100,134.txt,100,30,18,28.0,1.555556,0.128,83
instancias1a100,135.txt,100,30,15,26.0,1.733333,0.125,85
instancias1a100,136.txt,100,30,24,40.0,1.666667,0.131,89
instancias1a100,137.txt,100,30,15,26.0,1.733333,0.137,81
instancias1a100,138.txt,100,30,19,36.0,1.894737,0.135,92
instancias1a100,139.txt,100,30,16,24.0,1.5,0.137,86
instancias1a100,140.txt,100,30,17,28.0,1.647059,0.124,88
instancias1a100,141.txt,100,40,10,16.0,1.6,0.168,84
instancias1a100,142.txt,100,40,12,21.0,1.75,0.163,85
instancias1a100,143.txt,100,40,12,18.0,1.5,0.168,79
instancias1a100,144.txt,100,40,10,15.0,1.5,0.163,87
instancias1a100,145.txt,100,40,11,20.0,1.818182,0.172,86
instancias1a100,146.txt,100,40,12,17.0,1.416667,0.132,93
instancias1a100,147.txt,100,40,14,19.0,1.357143,0.174,89
instancias1a100,148.txt,100,40,12,19.0,1.583333,0.167,83
instancias1a100,149.txt,100,40,23,30.0,1.304348,0.163,95
instancias1a100,150.txt,100,40,14,20.0,1.428571,0.167,95
instancias1a100,151.txt,100,50,8,13.0,1.625,0.16,78
instancias1a100,152.txt,100,50,13,17.0,1.307692,0.171,90
instancias1a100,153.txt,100,50,10,18.0,1.8,0.201,88
instancias1a100,154.txt,100,50,11,17.0,1.545455,0.222,88
instancias1a100,155.txt,100,50,9,14.0,1.555556,0.168,87
instancias1a100,156.txt,100,50,10,18.0,1.8,0.197,86
instancias1a100,157.txt,100,50,8,14.0,1.75,0.19,82
instancias1a100,158.txt,100,50,11,17.0,1.545455,0.221,87
instancias1a100,159.txt,100,50,9,14.0,1.555556,0.226,82
instancias1a100,160.txt,100,50,9,16.0,1.777778,0.178,88
instancias1a100,211.txt,200,10,202,252.0,1.247525,0.127,191
instancias1a100,212.txt,200,10,203,228.0,1.123153,0.143,190
instancias1a100,213.txt,200,10,195,218.0,1.117949,0.131,190
instancias1a100,214.txt,200,10,194,210.0,1.082474,0.125,190
instancias1a100,215.txt,200,10,216,257.0,1.189815,0.139,187
instancias1a100,216.txt,200,10,181,211.0,1.165746,0.124,181
instancias1a100,217.txt,200,10,188,210.0,1.117021,0.119,190
instancias1a100,218.txt,200,10,196,220.0,1.122449,0.15,190
instancias1a100,219.txt,200,10,195,215.0,1.102564,0.162,191
instancias1a100,220.txt,200,10,204,230.0,1.127451,0.15,186
instancias1a100,221.txt,200,20,53,89.0,1.679245,0.251,184
instancias1a100,222.txt,200,20,57,75.0,1.315789,0.281,186
instancias1a100,223.txt,200,20,52,72.0,1.384615,0.244,183
instancias1a100,224.txt,200,20,59,80.0,1.355932,0.247,186
instancias1a100,225.txt,200,20,53,77.0,1.45283,0.229,183
instancias1a100,226.txt,200,20,58,82.0,1.413793,0.244,184
instancias1a100,227.txt,200,20,57,83.0,1.45614,0.282,185
instancias1a100,228.txt,200,20,55,76.0,1.381818,0.287,183
instancias1a100,229.txt,200,20,56,77.0,1.375,0.275,184
instancias1a100,230.txt,200,20,53,69.0,1.301887,0.244,182
instancias1a100,231.txt,200,30,26,45.0,1.730769,0.324,178
instancias1a100,232.txt,200,30,26,41.0,1.576923,0.329,176
instancias1a100,233.txt,200,30,26,46.0,1.769231,0.351,178
instancias1a100,234.txt,200,30,26,41.0,1.576923,0.375,175
instancias1a100,235.txt,200,30,23,39.0,1.695652,0.344,178
instancias1a100,236.txt,200,30,30,43.0,1.433333,0.367,175
instancias1a100,237.txt,200,30,25,39.0,1.56,0.341,177
instancias1a100,238.txt,200,30,27,38.0,1.407407,0.359,176
instancias1a100,239.txt,200,30,28,43.0,1.535714,0.358,175
instancias1a100,240.txt,200,30,28,43.0,1.535714,0.293,175
instancias1a100,241.txt,200,40,16,26.0,1.625,0.458,169
instancias1a100,242.txt,200,40,16,24.0,1.5,0.361,170
instancias1a100,243.txt,200,40,15,23.0,1.533333,0.371,170
instancias1a100,244.txt,200,40,16,29.0,1.8125,0.419,173
instancias1a100,245.txt,200,40,19,36.0,1.894737,0.449,174
instancias1a100,246.txt,200,40,17,28.0,1.647059,0.343,171
instancias1a100,247.txt,200,40,17,28.0,1.647059,0.359,167
instancias1a100,248.txt,200,40,17,27.0,1.588235,0.401,172
instancias1a100,249.txt,200,40,14,23.0,1.642857,0.337,181
instancias1a100,250.txt,200,40,17,25.0,1.470588,0.311,170
instancias1a100,251.txt,200,50,12,23.0,1.916667,0.409,167
instancias1a100,252.txt,200,50,16,25.0,1.5625,0.518,178
instancias1a100,253.txt,200,50,12,22.0,1.833333,0.375,170
instancias1a100,254.txt,200,50,12,22.0,1.833333,0.473,172
instancias1a100,255.txt,200,50,13,22.0,1.692308,0.333,169
instancias1a100,256.txt,200,50,11,16.0,1.454545,0.404,163
instancias1a100,257.txt,200,50,13,21.0,1.615385,0.406,173
instancias1a100,258.txt,200,50,12,20.0,1.666667,0.402,169
instancias1a100,259.txt,200,50,13,21.0,1.615385,0.448,169
instancias1a100,260.txt,200,50,12,20.0,1.666667,0.485,168
instancias1a100,511.txt,500,10,500,531.0,1.062,0.396,488
instancias1a100,512.txt,500,10,483,507.0,1.049689,0.413,486
instancias1a100,513.txt,500,10,499,517.0,1.036072,0.4,482
instancias1a100,514.txt,500,10,468,511.0,1.09188,0.365,477
instancias1a100,515.txt,500,10,502,532.0,1.059761,0.393,491
instancias1a100,516.txt,500,10,496,526.0,1.060484,0.474,482
instancias1a100,517.txt,500,10,454,508.0,1.118943,0.395,492
instancias1a100,518.txt,500,10,467,524.0,1.122056,0.445,491
instancias1a100,519.txt,500,10,488,510.0,1.045082,0.449,483
instancias1a100,520.txt,500,10,483,536.0,1.109731,0.438,482
instancias1a100,521.txt,500,20,134,153.0,1.141791,0.536,476
instancias1a100,522.txt,500,20,130,149.0,1.146154,0.541,481
instancias1a100,523.txt,500,20,137,167.0,1.218978,0.612,481
instancias1a100,524.txt,500,20,138,165.0,1.195652,0.566,472
instancias1a100,525.txt,500,20,146,158.0,1.082192,0.605,477
instancias1a100,526.txt,500,20,133,155.0,1.165414,0.635,471
instancias1a100,527.txt,500,20,131,159.0,1.21374,0.596,471
instancias1a100,528.txt,500,20,135,147.0,1.088889,0.612,477
instancias1a100,529.txt,500,20,136,156.0,1.147059,0.669,471
instancias1a100,530.txt,500,20,123,144.0,1.170732,0.553,474
instancias1a100,531.txt,500,30,61,75.0,1.229508,1.246,475
instancias1a100,532.txt,500,30,68,85.0,1.25,1.105,474
instancias1a100,533.txt,500,30,66,82.0,1.242424,1.087,474
instancias1a100,534.txt,500,30,66,84.0,1.272727,1.07,471
instancias1a100,535.txt,500,30,66,85.0,1.287879,1.044,474
instancias1a100,536.txt,500,30,63,82.0,1.301587,0.998,476
instancias1a100,537.txt,500,30,61,70.0,1.147541,0.897,474
instancias1a100,538.txt,500,30,65,80.0,1.230769,0.978,475
instancias1a100,539.txt,500,30,63,79.0,1.253968,0.917,473
instancias1a100,540.txt,500,30,67,82.0,1.223881,1.168,476
instancias1a100,541.txt,500,40,38,48.0,1.263158,1.285,466
instancias1a100,542.txt,500,40,38,55.0,1.447368,1.208,473
instancias1a100,543.txt,500,40,38,55.0,1.447368,1.22,469
instancias1a100,544.txt,500,40,38,54.0,1.421053,1.256,469
instancias1a100,545.txt,500,40,39,67.0,1.717949,1.325,471
instancias1a100,546.txt,500,40,38,56.0,1.473684,1.328,474
instancias1a100,547.txt,500,40,38,57.0,1.5,1.456,469
instancias1a100,548.txt,500,40,39,60.0,1.538462,1.231,469
instancias1a100,549.txt,500,40,37,48.0,1.297297,1.47,465
instancias1a100,550.txt,500,40,37,57.0,1.540541,1.266,466
instancias1a100,551.txt,500,50,25,35.0,1.4,1.35,467
instancias1a100,552.txt,500,50,26,38.0,1.461538,1.415,463
instancias1a100,553.txt,500,50,25,34.0,1.36,1.485,461
instancias1a100,554.txt,500,50,27,37.0,1.37037,1.637,468
instancias1a100,555.txt,500,50,26,41.0,1.576923,1.387,462
instancias1a100,556.txt,500,50,27,39.0,1.444444,1.491,463
instancias1a100,557.txt,500,50,27,44.0,1.62963,1.512,464
instancias1a100,558.txt,500,50,26,33.0,1.269231,1.294,462
instancias1a100,559.txt,500,50,26,35.0,1.346154,1.44,462
instancias1a100,560.txt,500,50,27,36.0,1.333333,1.425,466
instancias100a120,1011.txt,1000,10,10141,10341.0,1.019722,3.984,977
instancias100a120,1012.txt,1000,10,10141,10239.0,1.009664,3.486,985
instancias100a120,1013.txt,1000,10,10151,10458.0,1.030243,3.687,972
instancias100a120,1014.txt,1000,10,10151,10260.0,1.010738,3.865,980
instancias100a120,1015.txt,1000,10,10150,10371.0,1.021773,3.744,984
instancias100a120,1016.txt,1000,10,10146,10250.0,1.01025,4.068,983
instancias100a120,1017.txt,1000,10,10141,10458.0,1.031259,3.897,979
instancias100a120,1018.txt,1000,10,10150,10481.0,1.032611,3.645,981
instancias100a120,1019.txt,1000,10,10148,10240.0,1.009066,3.986,989
instancias100a120,1020.txt,1000,10,10152,10355.0,1.019996,4.171,980
instancias100a120,1021.txt,1000,20,5030,5139.0,1.02167,7.732,969
instancias100a120,1022.txt,1000,20,5032,5338.0,1.060811,8.973,965
instancias100a120,1023.txt,1000,20,5027,5128.0,1.020092,8.38,981
instancias100a120,1024.txt,1000,20,5029,5130.0,1.020084,7.986,982
instancias100a120,1025.txt,1000,20,5031,5234.0,1.04035,8.505,971
instancias100a120,1026.txt,1000,20,5027,5127.0,1.019893,9.106,980
instancias100a120,1027.txt,1000,20,5030,5128.0,1.019483,8.518,979
instancias100a120,1028.txt,1000,20,5030,5131.0,1.02008,9.41,975
instancias100a120,1029.txt,1000,20,5031,5147.0,1.023057,8.775,966
instancias100a120,1030.txt,1000,20,5028,5130.0,1.020286,8.119,977
instancias100a120,1031.txt,1000,30,3345,3420.0,1.022422,14.212,966
instancias100a120,1032.txt,1000,30,3344,3420.0,1.022727,12.93,966
instancias100a120,1033.txt,1000,30,3344,3517.0,1.051734,14.994,958
instancias100a120,1034.txt,1000,30,3345,3415.0,1.020927,12.931,963
instancias100a120,1035.txt,1000,30,3344,3417.0,1.02183,14.492,967
instancias100a120,1036.txt,1000,30,3344,3417.0,1.02183,14.36,969
instancias100a120,1037.txt,1000,30,3343,3515.0,1.051451,13.646,970
instancias100a120,1038.txt,1000,30,3343,3418.0,1.022435,13.385,968
instancias100a120,1039.txt,1000,30,3344,3512.0,1.050239,13.739,962
instancias100a120,1040.txt,1000,30,3343,3417.0,1.022136,15.091,971
instancias100a120,1041.txt,1000,40,2505,2606.0,1.040319,20.068,961
instancias100a120,1042.txt,1000,40,2505,2604.0,1.039521,20.109,964
instancias100a120,1043.txt,1000,40,2504,2604.0,1.039936,20.922,958
instancias100a120,1044.txt,1000,40,2504,2704.0,1.079872,17.306,951
instancias100a120,1045.txt,1000,40,2504,2604.0,1.039936,21.575,965
instancias100a120,1046.txt,1000,40,2504,2604.0,1.039936,20.664,967
instancias100a120,1047.txt,1000,40,2504,2706.0,1.080671,22.475,956
instancias100a120,1048.txt,1000,40,2504,2704.0,1.079872,19.769,946
instancias100a120,1049.txt,1000,40,2504,2604.0,1.039936,21.104,959
instancias100a120,1050.txt,1000,40,2504,2705.0,1.080272,21.541,959
instancias100a120,1051.txt,1000,50,2003,2105.0,1.050924,26.7,953
instancias100a120,1052.txt,1000,50,2002,2203.0,1.1004,27.384,949
instancias100a120,1053.txt,1000,50,2002,2201.0,1.099401,27.539,943
instancias100a120,1054.txt,1000,50,2002,2103.0,1.05045,24.827,955
instancias100a120,1055.txt,1000,50,2002,2102.0,1.04995,26.01,955
instancias100a120,1056.txt,1000,50,2002,2102.0,1.04995,25.883,956
instancias100a120,1057.txt,1000,50,2002,2104.0,1.050949,24.204,956
instancias100a120,1058.txt,1000,50,2002,2201.0,1.099401,25.946,954
instancias100a120,1059.txt,1000,50,2002,2102.0,1.04995,26.841,956
instancias100a120,1060.txt,1000,50,2002,2103.0,1.05045,27.038,961
instancias100a120,111.txt,100,10,1013,1119.0,1.10464,0.12,85
instancias100a120,112.txt,100,10,1016,1218.0,1.198819,0.113,79
instancias100a120,113.txt,100,10,1014,1111.0,1.095661,0.262,90
instancias100a120,114.txt,100,10,1017,1115.0,1.096362,0.136,86
instancias100a120,115.txt,100,10,1017,1124.0,1.105211,0.155,87
instancias100a120,116.txt,100,10,1014,1208.0,1.191321,0.108,84
instancias100a120,117.txt,100,10,1014,1111.0,1.095661,0.103,89
instancias100a120,118.txt,100,10,1016,1119.0,1.101378,0.146,89
instancias100a120,119.txt,100,10,1017,1112.0,1.093412,0.146,89
instancias100a120,120.txt,100,10,1014,1114.0,1.098619,0.126,82
instancias100a120,121.txt,100,20,505,608.0,1.20396,0.188,83
instancias100a120,122.txt,100,20,504,606.0,1.202381,0.245,82
instancias100a120,123.txt,100,20,504,607.0,1.204365,0.236,77
instancias100a120,124.txt,100,20,503,603.0,1.198807,0.219,80
instancias100a120,125.txt,100,20,504,605.0,1.200397,0.235,75
instancias100a120,126.txt,100,20,505,607.0,1.20198,0.226,80
instancias100a120,127.txt,100,20,505,607.0,1.20198,0.232,82
instancias100a120,128.txt,100,20,504,605.0,1.200397,0.226,78
instancias100a120,129.txt,100,20,503,604.0,1.200795,0.222,82
instancias100a120,130.txt,100,20,504,605.0,1.200397,0.236,85
instancias100a120,131.txt,100,30,335,501.0,1.495522,0.367,64
instancias100a120,132.txt,100,30,335,501.0,1.495522,0.317,65
instancias100a120,133.txt,100,30,335,504.0,1.504478,0.321,64
instancias100a120,134.txt,100,30,335,404.0,1.20597,0.351,72
instancias100a120,135.txt,100,30,335,504.0,1.504478,0.367,64
instancias100a120,136.txt,100,30,335,500.0,1.492537,0.342,68
instancias100a120,137.txt,100,30,335,504.0,1.504478,0.34,67
instancias100a120,138.txt,100,30,336,604.0,1.797619,0.355,59
instancias100a120,139.txt,100,30,335,405.0,1.208955,0.351,75
instancias100a120,140.txt,100,30,335,405.0,1.208955,0.318,76
instancias100a120,141.txt,100,40,251,303.0,1.207171,0.391,65
instancias100a120,142.txt,100,40,251,303.0,1.207171,0.452,65
instancias100a120,143.txt,100,40,251,401.0,1.59761,0.472,63
instancias100a120,144.txt,100,40,251,305.0,1.215139,0.429,63
instancias100a120,145.txt,100,40,251,305.0,1.215139,0.466,66
instancias100a120,146.txt,100,40,251,303.0,1.207171,0.506,62
instancias100a120,147.txt,100,40,251,307.0,1.223108,0.419,59
instancias100a120,148.txt,100,40,251,305.0,1.215139,0.438,66
instancias100a120,149.txt,100,40,251,304.0,1.211155,0.425,63
instancias100a120,150.txt,100,40,251,305.0,1.215139,0.446,60
instancias100a120,151.txt,100,50,201,302.0,1.502488,0.603,58
instancias100a120,152.txt,100,50,201,400.0,1.99005,0.544,54
instancias100a120,153.txt,100,50,201,304.0,1.512438,0.618,59
instancias100a120,154.txt,100,50,201,303.0,1.507463,0.616,65
instancias100a120,155.txt,100,50,201,300.0,1.492537,0.569,65
instancias100a120,156.txt,100,50,201,400.0,1.99005,0.535,52
instancias100a120,157.txt,100,50,201,303.0,1.507463,0.588,59
instancias100a120,158.txt,100,50,201,303.0,1.507463,0.59,61
instancias100a120,159.txt,100,50,201,303.0,1.507463,0.655,63
instancias100a120,160.txt,100,50,201,302.0,1.502488,0.594,61
instancias100a120,211.txt,200,10,2030,2132.0,1.050246,0.287,182
instancias100a120,212.txt,200,10,2028,2237.0,1.103057,0.264,187
instancias100a120,213.txt,200,10,2034,2149.0,1.056539,0.325,180
instancias100a120,214.txt,200,10,2027,2222.0,1.096201,0.325,181
instancias100a120,215.txt,200,10,2036,2354.0,1.156189,0.314,181
instancias100a120,216.txt,200,10,2026,2130.0,1.051333,0.331,191
instancias100a120,217.txt,200,10,2031,2134.0,1.050714,0.334,189
instancias100a120,218.txt,200,10,2029,2124.0,1.046821,0.312,190
instancias100a120,219.txt,200,10,2032,2142.0,1.054134,0.356,185
instancias100a120,220.txt,200,10,2028,2230.0,1.099606,0.291,180
instancias100a120,221.txt,200,20,1006,1106.0,1.099404,0.565,183
instancias100a120,222.txt,200,20,1007,1106.0,1.098312,0.581,178
instancias100a120,223.txt,200,20,1006,1206.0,1.198807,0.594,179
instancias100a120,224.txt,200,20,1006,1109.0,1.102386,0.568,175
instancias100a120,225.txt,200,20,1006,1111.0,1.104374,0.548,174
instancias100a120,226.txt,200,20,1006,1109.0,1.102386,0.547,173
instancias100a120,227.txt,200,20,1008,1210.0,1.200397,0.513,174
instancias100a120,228.txt,200,20,1006,1105.0,1.09841,0.614,181
instancias100a120,229.txt,200,20,1006,1106.0,1.099404,0.538,172
instancias100a120,230.txt,200,20,1006,1107.0,1.100398,0.585,178
instancias100a120,231.txt,200,30,669,801.0,1.197309,0.885,168
instancias100a120,232.txt,200,30,670,802.0,1.197015,1.028,164
instancias100a120,233.txt,200,30,669,706.0,1.055306,0.99,165
instancias100a120,234.txt,200,30,669,801.0,1.197309,0.942,163
instancias100a120,235.txt,200,30,669,801.0,1.197309,0.976,163
instancias100a120,236.txt,200,30,669,803.0,1.200299,0.965,163
instancias100a120,237.txt,200,30,669,707.0,1.056801,1.01,172
instancias100a120,238.txt,200,30,669,707.0,1.056801,0.993,171
instancias100a120,239.txt,200,30,669,706.0,1.055306,1.042,170
instancias100a120,240.txt,200,30,669,805.0,1.203288,0.967,164
instancias100a120,241.txt,200,40,501,602.0,1.201597,1.139,167
instancias100a120,242.txt,200,40,501,602.0,1.201597,1.139,164
instancias100a120,243.txt,200,40,501,602.0,1.201597,1.14,169
instancias100a120,244.txt,200,40,501,602.0,1.201597,1.243,165
instancias100a120,245.txt,200,40,501,603.0,1.203593,1.227,152
instancias100a120,246.txt,200,40,501,603.0,1.203593,1.395,157
instancias100a120,247.txt,200,40,501,603.0,1.203593,1.076,165
instancias100a120,248.txt,200,40,501,602.0,1.201597,1.216,174
instancias100a120,249.txt,200,40,501,601.0,1.199601,1.125,167
instancias100a120,250.txt,200,40,501,601.0,1.199601,1.305,165
instancias100a120,251.txt,200,50,401,501.0,1.249377,1.535,161
instancias100a120,252.txt,200,50,401,519.0,1.294264,1.701,159
instancias100a120,253.txt,200,50,401,502.0,1.25187,1.61,163
instancias100a120,254.txt,200,50,401,502.0,1.25187,1.676,164
instancias100a120,255.txt,200,50,401,501.0,1.249377,1.615,159
instancias100a120,256.txt,200,50,401,502.0,1.25187,1.466,156
instancias100a120,257.txt,200,50,401,601.0,1.498753,1.44,148
instancias100a120,258.txt,200,50,401,601.0,1.498753,1.543,163
instancias100a120,259.txt,200,50,401,600.0,1.496259,1.68,152
instancias100a120,260.txt,200,50,401,510.0,1.27182,1.424,158
instancias100a120,511.txt,500,10,5073,5173.0,1.019712,1.242,488
instancias100a120,512.txt,500,10,5074,5201.0,1.02503,1.163,480
instancias100a120,513.txt,500,10,5079,5179.0,1.019689,1.135,487
instancias100a120,514.txt,500,10,5079,5166.0,1.017129,1.083,490
instancias100a120,515.txt,500,10,5079,5279.0,1.039378,1.303,479
instancias100a120,516.txt,500,10,5073,5262.0,1.037256,1.188,484
instancias100a120,517.txt,500,10,5071,5357.0,1.056399,1.179,480
instancias100a120,518.txt,500,10,5071,5191.0,1.023664,1.207,482
instancias100a120,519.txt,500,10,5073,5168.0,1.018727,1.243,489
instancias100a120,520.txt,500,10,5072,5379.0,1.060528,1.155,480
instancias100a120,521.txt,500,20,2516,2627.0,1.044118,2.47,478
instancias100a120,522.txt,500,20,2513,2615.0,1.040589,2.849,481
instancias100a120,523.txt,500,20,2515,2614.0,1.039364,2.756,482
instancias100a120,524.txt,500,20,2513,2617.0,1.041385,2.828,482
instancias100a120,525.txt,500,20,2516,2711.0,1.077504,2.588,468
instancias100a120,526.txt,500,20,2515,2715.0,1.079523,2.559,478
instancias100a120,527.txt,500,20,2515,2618.0,1.040954,2.482,482
instancias100a120,528.txt,500,20,2514,2613.0,1.039379,2.672,478
instancias100a120,529.txt,500,20,2515,2614.0,1.039364,2.534,482
instancias100a120,530.txt,500,20,2516,2618.0,1.040541,2.673,474
instancias100a120,531.txt,500,30,1672,1712.0,1.023923,3.789,471
instancias100a120,532.txt,500,30,1671,1905.0,1.140036,4.525,454
instancias100a120,533.txt,500,30,1672,1712.0,1.023923,3.866,469
instancias100a120,534.txt,500,30,1672,1808.0,1.08134,4.494,468
instancias100a120,535.txt,500,30,1672,1806.0,1.080144,4.639,465
instancias100a120,536.txt,500,30,1672,1805.0,1.079545,4.472,463
instancias100a120,537.txt,500,30,1671,1708.0,1.022142,3.797,471
instancias100a120,538.txt,500,30,1672,1809.0,1.081938,3.99,465
instancias100a120,539.txt,500,30,1672,1809.0,1.081938,3.918,462
instancias100a120,540.txt,500,30,1673,1713.0,1.023909,3.877,471
instancias100a120,541.txt,500,40,1252,1403.0,1.120607,6.06,452
instancias100a120,542.txt,500,40,1252,1404.0,1.121406,5.205,452
instancias100a120,543.txt,500,40,1252,1305.0,1.042332,5.902,461
instancias100a120,544.txt,500,40,1252,1306.0,1.043131,6.496,463
instancias100a120,545.txt,500,40,1253,1404.0,1.120511,6.192,448
instancias100a120,546.txt,500,40,1252,1305.0,1.042332,5.657,466
instancias100a120,547.txt,500,40,1253,1405.0,1.121309,6.853,450
instancias100a120,548.txt,500,40,1252,1503.0,1.200479,5.357,449
instancias100a120,549.txt,500,40,1252,1402.0,1.119808,5.979,459
instancias100a120,550.txt,500,40,1253,1404.0,1.120511,5.577,453
instancias100a120,551.txt,500,50,1002,1102.0,1.0998,7.142,457
instancias100a120,552.txt,500,50,1002,1103.0,1.100798,6.808,447
instancias100a120,553.txt,500,50,1001,1101.0,1.0999,7.328,458
instancias100a120,554.txt,500,50,1001,1102.0,1.100899,7.561,457
instancias100a120,555.txt,500,50,1002,1104.0,1.101796,7.899,450
instancias100a120,556.txt,500,50,1001,1102.0,1.100899,7.867,459
instancias100a120,557.txt,500,50,1001,1103.0,1.101898,7.639,450
instancias100a120,558.txt,500,50,1002,1105.0,1.102794,8.316,451
instancias100a120,559.txt,500,50,1001,1200.0,1.198801,7.295,451
instancias100a120,560.txt,500,50,1001,1101.0,1.0999,7.409,455
instanciasde10a100,1011.txt,1000,10,1762,1807.0,1.025539,1.943,974
instanciasde10a100,1012.txt,1000,10,1754,1764.0,1.005701,1.984,989
instanciasde10a100,1013.txt,1000,10,1781,1818.0,1.020775,2.093,984
instanciasde10a100,1014.txt,1000,10,1760,1779.0,1.010795,2.073,989
instanciasde10a100,1015.txt,1000,10,1813,1845.0,1.01765,1.994,981
instanciasde10a100,1016.txt,1000,10,1764,1828.0,1.036281,1.965,971
instanciasde10a100,1017.txt,1000,10,1803,1832.0,1.016084,2.06,991
instanciasde10a100,1018.txt,1000,10,1775,1833.0,1.032676,1.893,979
instanciasde10a100,1019.txt,1000,10,1741,1772.0,1.017806,1.979,987
instanciasde10a100,1020.txt,1000,10,1744,1786.0,1.024083,2.044,975
instanciasde10a100,1021.txt,1000,20,703,717.0,1.019915,4.632,979
instanciasde10a100,1022.txt,1000,20,696,723.0,1.038793,4.376,976
instanciasde10a100,1023.txt,1000,20,695,728.0,1.047482,4.202,972
instanciasde10a100,1024.txt,1000,20,694,719.0,1.036023,4.552,977
instanciasde10a100,1025.txt,1000,20,689,709.0,1.029028,3.814,970
instanciasde10a100,1026.txt,1000,20,689,725.0,1.05225,4.564,971
instanciasde10a100,1027.txt,1000,20,694,715.0,1.030259,4.667,977
instanciasde10a100,1028.txt,1000,20,691,707.0,1.023155,4.378,969
instanciasde10a100,1029.txt,1000,20,693,709.0,1.023088,4.345,977
instanciasde10a100,1030.txt,1000,20,703,719.0,1.02276,4.186,972
instanciasde10a100,1031.txt,1000,30,423,437.0,1.033097,6.858,969
instanciasde10a100,1032.txt,1000,30,417,435.0,1.043165,8.187,970
instanciasde10a100,1033.txt,1000,30,417,430.0,1.031175,7.322,972
instanciasde10a100,1034.txt,1000,30,420,447.0,1.064286,7.778,961
instanciasde10a100,1035.txt,1000,30,415,430.0,1.036145,7.157,970
instanciasde10a100,1036.txt,1000,30,422,443.0,1.049763,7.574,971
instanciasde10a100,1037.txt,1000,30,420,441.0,1.05,7.954,968
instanciasde10a100,1038.txt,1000,30,419,441.0,1.052506,7.003,965
instanciasde10a100,1039.txt,1000,30,417,432.0,1.035971,6.692,971
instanciasde10a100,1040.txt,1000,30,419,432.0,1.031026,6.932,971
instanciasde10a100,1041.txt,1000,40,295,308.0,1.044068,10.512,959
instanciasde10a100,1042.txt,1000,40,294,315.0,1.071429,10.255,953
instanciasde10a100,1043.txt,1000,40,293,310.0,1.05802,10.849,960
instanciasde10a100,1044.txt,1000,40,295,316.0,1.071186,11.182,953
instanciasde10a100,1045.txt,1000,40,298,316.0,1.060403,10.583,960
instanciasde10a100,1046.txt,1000,40,299,312.0,1.043478,10.349,961
instanciasde10a100,1047.txt,1000,40,295,311.0,1.054237,10.721,953
instanciasde10a100,1048.txt,1000,40,293,308.0,1.051195,11.111,959
instanciasde10a100,1049.txt,1000,40,294,309.0,1.05102,10.844,962
instanciasde10a100,1050.txt,1000,40,299,321.0,1.073579,11.545,958
instanciasde10a100,1051.txt,1000,50,225,241.0,1.071111,13.02,945
instanciasde10a100,1052.txt,1000,50,226,248.0,1.097345,12.347,946
instanciasde10a100,1053.txt,1000,50,227,250.0,1.101322,14.116,945
instanciasde10a100,1054.txt,1000,50,229,245.0,1.069869,14.577,953
instanciasde10a100,1055.txt,1000,50,228,242.0,1.061404,15.641,945
instanciasde10a100,1056.txt,1000,50,228,249.0,1.092105,13.973,949
instanciasde10a100,1057.txt,1000,50,229,250.0,1.091703,13.981,947
instanciasde10a100,1058.txt,1000,50,228,243.0,1.065789,13.721,950
instanciasde10a100,1059.txt,1000,50,228,249.0,1.092105,13.589,943
instanciasde10a100,1060.txt,1000,50,226,238.0,1.053097,12.436,954
instanciasde10a100,111.txt,100,10,196,234.0,1.193878,0.094,90
instanciasde10a100,112.txt,100,10,170,214.0,1.258824,0.058,89
instanciasde10a100,113.txt,100,10,181,208.0,1.149171,0.057,86
instanciasde10a100,114.txt,100,10,171,214.0,1.251462,0.069,79
instanciasde10a100,115.txt,100,10,178,204.0,1.146067,0.075,91
instanciasde10a100,116.txt,100,10,173,204.0,1.179191,0.088,87
instanciasde10a100,117.txt,100,10,171,187.0,1.093567,0.074,84
instanciasde10a100,118.txt,100,10,177,201.0,1.135593,0.063,90
instanciasde10a100,119.txt,100,10,168,191.0,1.136905,0.061,80
instanciasde10a100,120.txt,100,10,173,234.0,1.352601,0.071,83
instanciasde10a100,121.txt,100,20,68,84.0,1.235294,0.152,81
instanciasde10a100,122.txt,100,20,71,99.0,1.394366,0.168,83
instanciasde10a100,123.txt,100,20,70,86.0,1.228571,0.152,82
instanciasde10a100,124.txt,100,20,71,109.0,1.535211,0.159,84
instanciasde10a100,125.txt,100,20,68,88.0,1.294118,0.195,82
instanciasde10a100,126.txt,100,20,76,99.0,1.302632,0.182,84
instanciasde10a100,127.txt,100,20,69,95.0,1.376812,0.138,82
instanciasde10a100,128.txt,100,20,72,108.0,1.5,0.151,84
instanciasde10a100,129.txt,100,20,71,85.0,1.197183,0.153,82
instanciasde10a100,130.txt,100,20,77,129.0,1.675325,0.174,84
instanciasde10a100,131.txt,100,30,43,62.0,1.44186,0.195,76
instanciasde10a100,132.txt,100,30,43,56.0,1.302326,0.359,73
instanciasde10a100,133.txt,100,30,43,63.0,1.465116,0.22,76
instanciasde10a100,134.txt,100,30,44,68.0,1.545455,0.192,73
instanciasde10a100,135.txt,100,30,42,61.0,1.452381,0.251,73
instanciasde10a100,136.txt,100,30,45,64.0,1.422222,0.189,75
instanciasde10a100,137.txt,100,30,42,58.0,1.380952,0.227,76
instanciasde10a100,138.txt,100,30,42,59.0,1.404762,0.19,76
instanciasde10a100,139.txt,100,30,43,55.0,1.27907,0.189,74
instanciasde10a100,140.txt,100,30,45,67.0,1.488889,0.2,73
instanciasde10a100,141.txt,100,40,31,48.0,1.548387,0.282,65
instanciasde10a100,142.txt,100,40,31,45.0,1.451613,0.281,68
instanciasde10a100,143.txt,100,40,31,45.0,1.451613,0.246,66
instanciasde10a100,144.txt,100,40,31,49.0,1.580645,0.311,69
instanciasde10a100,145.txt,100,40,31,46.0,1.483871,0.319,69
instanciasde10a100,146.txt,100,40,32,54.0,1.6875,0.286,69
instanciasde10a100,147.txt,100,40,30,49.0,1.633333,0.241,67
instanciasde10a100,148.txt,100,40,31,46.0,1.483871,0.273,69
instanciasde10a100,149.txt,100,40,30,43.0,1.433333,0.262,64
instanciasde10a100,150.txt,100,40,31,52.0,1.677419,0.323,73
instanciasde10a100,151.txt,100,50,24,37.0,1.541667,0.273,64
instanciasde10a100,152.txt,100,50,24,40.0,1.666667,0.297,62
instanciasde10a100,153.txt,100,50,24,36.0,1.5,0.312,59
instanciasde10a100,154.txt,100,50,25,43.0,1.72,0.32,65
instanciasde10a100,155.txt,100,50,24,45.0,1.875,0.338,58
instanciasde10a100,156.txt,100,50,25,46.0,1.84,0.373,65
instanciasde10a100,157.txt,100,50,24,42.0,1.75,0.362,66
instanciasde10a100,158.txt,100,50,25,39.0,1.56,0.308,62
instanciasde10a100,159.txt,100,50,25,37.0,1.48,0.42,63
instanciasde10a100,160.txt,100,50,24,39.0,1.625,0.327,64
instanciasde10a100,211.txt,200,10,356,385.0,1.081461,0.156,190
instanciasde10a100,212.txt,200,10,366,417.0,1.139344,0.16,191
instanciasde10a100,213.txt,200,10,359,414.0,1.153203,0.187,185
instanciasde10a100,214.txt,200,10,370,401.0,1.083784,0.17,186
instanciasde10a100,215.txt,200,10,357,394.0,1.103641,0.153,185
instanciasde10a100,216.txt,200,10,373,402.0,1.077748,0.2,187
instanciasde10a100,217.txt,200,10,353,381.0,1.07932,0.155,185
instanciasde10a100,218.txt,200,10,357,380.0,1.064426,0.139,180
instanciasde10a100,219.txt,200,10,359,400.0,1.114206,0.164,191
instanciasde10a100,220.txt,200,10,347,406.0,1.170029,0.145,187
instanciasde10a100,221.txt,200,20,143,158.0,1.104895,0.301,181
instanciasde10a100,222.txt,200,20,142,158.0,1.112676,0.335,176
instanciasde10a100,223.txt,200,20,142,172.0,1.211268,0.279,176
instanciasde10a100,224.txt,200,20,145,160.0,1.103448,0.277,176
instanciasde10a100,225.txt,200,20,145,170.0,1.172414,0.343,179
instanciasde10a100,226.txt,200,20,142,163.0,1.147887,0.308,171
instanciasde10a100,227.txt,200,20,142,173.0,1.21831,0.299,173
instanciasde10a100,228.txt,200,20,139,171.0,1.230216,0.258,174
instanciasde10a100,229.txt,200,20,144,176.0,1.222222,0.289,171
instanciasde10a100,230.txt,200,20,144,186.0,1.291667,0.292,180
instanciasde10a100,231.txt,200,30,85,99.0,1.164706,0.609,171
instanciasde10a100,232.txt,200,30,84,100.0,1.190476,0.722,170
instanciasde10a100,233.txt,200,30,84,106.0,1.261905,0.526,174
instanciasde10a100,234.txt,200,30,87,107.0,1.229885,0.544,174
instanciasde10a100,235.txt,200,30,88,102.0,1.159091,0.538,173
instanciasde10a100,236.txt,200,30,84,108.0,1.285714,0.58,171
instanciasde10a100,237.txt,200,30,84,103.0,1.22619,0.554,173
instanciasde10a100,238.txt,200,30,85,109.0,1.282353,0.492,174
instanciasde10a100,239.txt,200,30,85,102.0,1.2,0.606,176
instanciasde10a100,240.txt,200,30,85,98.0,1.152941,0.485,171
instanciasde10a100,241.txt,200,40,62,78.0,1.258065,0.79,163
instanciasde10a100,242.txt,200,40,60,72.0,1.2,0.588,166
instanciasde10a100,243.txt,200,40,61,75.0,1.229508,0.666,165
instanciasde10a100,244.txt,200,40,60,79.0,1.316667,0.779,164
instanciasde10a100,245.txt,200,40,60,73.0,1.216667,0.771,166
instanciasde10a100,246.txt,200,40,62,79.0,1.274194,0.813,165
instanciasde10a100,247.txt,200,40,61,79.0,1.295082,0.668,166
instanciasde10a100,248.txt,200,40,61,79.0,1.295082,0.734,165
instanciasde10a100,249.txt,200,40,62,77.0,1.241935,0.815,164
instanciasde10a100,250.txt,200,40,59,76.0,1.288136,0.688,166
instanciasde10a100,251.txt,200,50,47,59.0,1.255319,0.934,158
instanciasde10a100,252.txt,200,50,46,60.0,1.304348,0.912,160
instanciasde10a100,253.txt,200,50,46,61.0,1.326087,0.927,154
instanciasde10a100,254.txt,200,50,46,61.0,1.326087,1.032,156
instanciasde10a100,255.txt,200,50,46,57.0,1.23913,0.88,156
instanciasde10a100,256.txt,200,50,46,68.0,1.478261,0.973,159
instanciasde10a100,257.txt,200,50,47,61.0,1.297872,0.905,156
instanciasde10a100,258.txt,200,50,46,60.0,1.304348,0.996,159
instanciasde10a100,259.txt,200,50,47,60.0,1.276596,0.9,161
instanciasde10a100,260.txt,200,50,46,61.0,1.326087,0.906,154
instanciasde10a100,511.txt,500,10,861,895.0,1.039489,0.581,483
instanciasde10a100,512.txt,500,10,875,911.0,1.041143,0.617,484
instanciasde10a100,513.txt,500,10,878,908.0,1.034169,0.579,488
instanciasde10a100,514.txt,500,10,884,898.0,1.015837,0.626,487
instanciasde10a100,515.txt,500,10,863,891.0,1.032445,0.559,481
instanciasde10a100,516.txt,500,10,899,960.0,1.067853,0.623,472
instanciasde10a100,517.txt,500,10,893,947.0,1.06047,0.579,478
instanciasde10a100,518.txt,500,10,921,978.0,1.061889,0.635,485
instanciasde10a100,519.txt,500,10,914,968.0,1.059081,0.56,477
instanciasde10a100,520.txt,500,10,892,935.0,1.048206,0.593,476
instanciasde10a100,521.txt,500,20,353,373.0,1.056657,1.174,476
instanciasde10a100,522.txt,500,20,345,365.0,1.057971,1.281,477
instanciasde10a100,523.txt,500,20,357,373.0,1.044818,1.186,481
instanciasde10a100,524.txt,500,20,351,376.0,1.071225,1.242,481
instanciasde10a100,525.txt,500,20,347,376.0,1.083573,1.264,480
instanciasde10a100,526.txt,500,20,352,378.0,1.073864,1.283,476
instanciasde10a100,527.txt,500,20,349,362.0,1.037249,1.36,480
instanciasde10a100,528.txt,500,20,349,370.0,1.060172,1.262,480
instanciasde10a100,529.txt,500,20,354,387.0,1.09322,1.276,475
instanciasde10a100,530.txt,500,20,353,380.0,1.076487,1.074,469
instanciasde10a100,531.txt,500,30,210,225.0,1.071429,2.144,470
instanciasde10a100,532.txt,500,30,208,226.0,1.086538,1.919,471
instanciasde10a100,533.txt,500,30,212,230.0,1.084906,1.867,462
instanciasde10a100,534.txt,500,30,207,231.0,1.115942,1.857,470
instanciasde10a100,535.txt,500,30,206,219.0,1.063107,2.19,466
instanciasde10a100,536.txt,500,30,209,248.0,1.186603,1.922,461
instanciasde10a100,537.txt,500,30,211,229.0,1.085308,1.923,465
instanciasde10a100,538.txt,500,30,212,242.0,1.141509,2.033,464
instanciasde10a100,539.txt,500,30,209,222.0,1.062201,1.76,466
instanciasde10a100,540.txt,500,30,209,228.0,1.090909,2.163,471
instanciasde10a100,541.txt,500,40,147,166.0,1.129252,2.958,453
instanciasde10a100,542.txt,500,40,148,172.0,1.162162,2.752,463
instanciasde10a100,543.txt,500,40,149,173.0,1.161074,2.643,462
instanciasde10a100,544.txt,500,40,147,164.0,1.115646,2.796,458
instanciasde10a100,545.txt,500,40,149,161.0,1.080537,2.514,456
instanciasde10a100,546.txt,500,40,148,162.0,1.094595,2.684,462
instanciasde10a100,547.txt,500,40,150,168.0,1.12,2.852,450
instanciasde10a100,548.txt,500,40,151,162.0,1.072848,2.779,463
instanciasde10a100,549.txt,500,40,146,161.0,1.10274,2.66,448
instanciasde10a100,550.txt,500,40,149,163.0,1.09396,2.713,463
instanciasde10a100,551.txt,500,50,115,134.0,1.165217,3.083,456
instanciasde10a100,552.txt,500,50,116,138.0,1.189655,3.754,453
instanciasde10a100,553.txt,500,50,115,132.0,1.147826,3.346,454
instanciasde10a100,554.txt,500,50,115,127.0,1.104348,3.608,450
instanciasde10a100,555.txt,500,50,115,134.0,1.165217,4.272,450
instanciasde10a100,556.txt,500,50,114,131.0,1.149123,3.922,452
instanciasde10a100,557.txt,500,50,116,129.0,1.112069,3.368,448
instanciasde10a100,558.txt,500,50,115,131.0,1.13913,3.835,456
instanciasde10a100,559.txt,500,50,114,125.0,1.096491,3.421,444
instanciasde10a100,560.txt,500,50,113,125.0,1.106195,3.579,444
Instanciasde1000a1100,1011.txt,1000,10,100817,101740.0,1.009155,4.522,990
Instanciasde1000a1100,1012.txt,1000,10,100870,101723.0,1.008456,4.317,989
Instanciasde1000a1100,1013.txt,1000,10,100918,103759.0,1.028152,4.907,983
Instanciasde1000a1100,1014.txt,1000,10,100901,101848.0,1.009385,4.949,990
Instanciasde1000a1100,1015.txt,1000,10,100889,102874.0,1.019675,4.653,978
Instanciasde1000a1100,1016.txt,1000,10,100874,102766.0,1.018756,4.672,981
Instanciasde1000a1100,1017.txt,1000,10,100862,103782.0,1.02895,4.371,981
Instanciasde1000a1100,1018.txt,1000,10,100908,102061.0,1.011426,4.531,986
Instanciasde1000a1100,1019.txt,1000,10,100914,101912.0,1.00989,4.693,980
Instanciasde1000a1100,1020.txt,1000,10,100890,101896.0,1.009971,4.614,986
Instanciasde1000a1100,1021.txt,1000,20,50222,51257.0,1.020608,11.495,967
Instanciasde1000a1100,1022.txt,1000,20,50218,52212.0,1.039707,14.14,975
Instanciasde1000a1100,1023.txt,1000,20,50236,51278.0,1.020742,11.709,968
Instanciasde1000a1100,1024.txt,1000,20,50204,51198.0,1.019799,12.306,980
Instanciasde1000a1100,1025.txt,1000,20,50213,51214.0,1.019935,12.461,980
Instanciasde1000a1100,1026.txt,1000,20,50223,51212.0,1.019692,10.453,980
Instanciasde1000a1100,1027.txt,1000,20,50217,51221.0,1.019993,10.636,978
Instanciasde1000a1100,1028.txt,1000,20,50218,51224.0,1.020033,12.217,973
Instanciasde1000a1100,1029.txt,1000,20,50213,51205.0,1.019756,11.442,980
Instanciasde1000a1100,1030.txt,1000,20,50214,51210.0,1.019835,11.206,978
Instanciasde1000a1100,1031.txt,1000,30,33436,34138.0,1.020995,19.811,964
Instanciasde1000a1100,1032.txt,1000,30,33428,34151.0,1.021629,19.892,969
Instanciasde1000a1100,1033.txt,1000,30,33426,35084.0,1.049602,24.949,968
Instanciasde1000a1100,1034.txt,1000,30,33425,34123.0,1.020883,19.852,960
Instanciasde1000a1100,1035.txt,1000,30,33432,34123.0,1.020669,17.809,971
Instanciasde1000a1100,1036.txt,1000,30,33427,34132.0,1.021091,23.178,967
Instanciasde1000a1100,1037.txt,1000,30,33426,34118.0,1.020702,18.975,958
Instanciasde1000a1100,1038.txt,1000,30,33431,34138.0,1.021148,21.129,970
Instanciasde1000a1100,1039.txt,1000,30,33424,35094.0,1.049964,24.605,965
Instanciasde1000a1100,1040.txt,1000,30,33425,34137.0,1.021301,24.465,970
Instanciasde1000a1100,1041.txt,1000,40,25051,26060.0,1.040278,33.322,961
Instanciasde1000a1100,1042.txt,1000,40,25051,27051.0,1.079837,34.639,957
Instanciasde1000a1100,1043.txt,1000,40,25052,26055.0,1.040037,31.979,960
Instanciasde1000a1100,1044.txt,1000,40,25049,27048.0,1.079804,39.422,953
Instanciasde1000a1100,1045.txt,1000,40,25050,26057.0,1.0402,31.126,960
Instanciasde1000a1100,1046.txt,1000,40,25050,26055.0,1.04012,33.043,961
Instanciasde1000a1100,1047.txt,1000,40,25052,26056.0,1.040077,36.893,959
Instanciasde1000a1100,1048.txt,1000,40,25053,26063.0,1.040315,31.988,954
Instanciasde1000a1100,1049.txt,1000,40,25054,27084.0,1.081025,30.928,950
Instanciasde1000a1100,1050.txt,1000,40,25053,26060.0,1.040195,30.697,962
Instanciasde1000a1100,1051.txt,1000,50,20033,21049.0,1.050716,31.105,945
Instanciasde1000a1100,1052.txt,1000,50,20030,22029.0,1.0998,39.883,947
Instanciasde1000a1100,1053.txt,1000,50,20031,21041.0,1.050422,52.236,955
Instanciasde1000a1100,1054.txt,1000,50,20032,22039.0,1.10019,43.386,947
Instanciasde1000a1100,1055.txt,1000,50,20032,21036.0,1.05012,54.74,951
Instanciasde1000a1100,1056.txt,1000,50,20031,21033.0,1.050022,53.984,950
Instanciasde1000a1100,1057.txt,1000,50,20031,21040.0,1.050372,33.722,950
Instanciasde1000a1100,1058.txt,1000,50,20032,21031.0,1.04987,39.875,951
Instanciasde1000a1100,1059.txt,1000,50,20030,21035.0,1.050175,41.687,951
Instanciasde1000a1100,1060.txt,1000,50,20032,21034.0,1.05002,31.264,953
Instanciasde1000a1100,111.txt,100,10,10082,11096.0,1.100575,0.137,91
Instanciasde1000a1100,112.txt,100,10,10069,11083.0,1.100705,0.164,86
Instanciasde1000a1100,113.txt,100,10,10101,12081.0,1.19602,0.215,86
Instanciasde1000a1100,114.txt,100,10,10102,12108.0,1.198575,0.125,84
Instanciasde1000a1100,115.txt,100,10,10097,12141.0,1.202436,0.135,80
Instanciasde1000a1100,116.txt,100,10,10094,11101.0,1.099762,0.145,84
Instanciasde1000a1100,117.txt,100,10,10111,11098.0,1.097616,0.171,90
Instanciasde1000a1100,118.txt,100,10,10098,11086.0,1.097841,0.138,91
Instanciasde1000a1100,119.txt,100,10,10078,12101.0,1.200734,0.139,88
Instanciasde1000a1100,120.txt,100,10,10088,11073.0,1.097641,0.151,87
Instanciasde1000a1100,121.txt,100,20,5022,6029.0,1.200518,0.247,79
Instanciasde1000a1100,122.txt,100,20,5026,6071.0,1.207919,0.25,81
Instanciasde1000a1100,123.txt,100,20,5025,7032.0,1.399403,0.276,75
Instanciasde1000a1100,124.txt,100,20,5024,6031.0,1.200438,0.223,68
Instanciasde1000a1100,125.txt,100,20,5026,6045.0,1.202746,0.294,82
Instanciasde1000a1100,126.txt,100,20,5024,6019.0,1.198049,0.235,82
Instanciasde1000a1100,127.txt,100,20,5027,6035.0,1.200517,0.272,75
Instanciasde1000a1100,128.txt,100,20,5025,7036.0,1.400199,0.328,71
Instanciasde1000a1100,129.txt,100,20,5027,6038.0,1.201114,0.316,81
Instanciasde1000a1100,130.txt,100,20,5025,7031.0,1.399204,0.301,80
Instanciasde1000a1100,131.txt,100,30,3347,4029.0,1.203765,0.491,69
Instanciasde1000a1100,132.txt,100,30,3347,4031.0,1.204362,0.378,66
Instanciasde1000a1100,133.txt,100,30,3345,4026.0,1.203587,0.362,72
Instanciasde1000a1100,134.txt,100,30,3345,4023.0,1.202691,0.385,73
Instanciasde1000a1100,135.txt,100,30,3344,4018.0,1.201555,0.381,72
Instanciasde1000a1100,136.txt,100,30,3344,4019.0,1.201854,0.396,73
Instanciasde1000a1100,137.txt,100,30,3344,4029.0,1.204844,0.364,73
Instanciasde1000a1100,138.txt,100,30,3347,4033.0,1.20496,0.403,70
Instanciasde1000a1100,139.txt,100,30,3345,5015.0,1.499253,0.394,66
Instanciasde1000a1100,140.txt,100,30,3345,4025.0,1.203288,0.376,58
Instanciasde1000a1100,141.txt,100,40,2507,3025.0,1.206621,0.51,66
Instanciasde1000a1100,142.txt,100,40,2508,3027.0,1.206938,0.526,63
Instanciasde1000a1100,143.txt,100,40,2508,3037.0,1.210925,0.525,63
Instanciasde1000a1100,144.txt,100,40,2507,3018.0,1.203829,0.552,60
Instanciasde1000a1100,145.txt,100,40,2507,3017.0,1.20343,0.603,59
Instanciasde1000a1100,146.txt,100,40,2506,4000.0,1.596169,0.55,63
Instanciasde1000a1100,147.txt,100,40,2506,3019.0,1.204709,0.557,67
Instanciasde1000a1100,148.txt,100,40,2508,3025.0,1.20614,0.583,65
Instanciasde1000a1100,149.txt,100,40,2507,3016.0,1.203032,0.553,66
Instanciasde1000a1100,150.txt,100,40,2507,3019.0,1.204228,0.598,65
Instanciasde1000a1100,151.txt,100,50,2005,3007.0,1.499751,0.615,53
Instanciasde1000a1100,152.txt,100,50,2004,3037.0,1.515469,0.758,63
Instanciasde1000a1100,153.txt,100,50,2005,3011.0,1.501746,0.722,60
Instanciasde1000a1100,154.txt,100,50,2005,4005.0,1.997506,0.669,53
Instanciasde1000a1100,155.txt,100,50,2004,3007.0,1.500499,0.763,58
Instanciasde1000a1100,156.txt,100,50,2005,3008.0,1.500249,0.781,58
Instanciasde1000a1100,157.txt,100,50,2004,3011.0,1.502495,0.733,59
Instanciasde1000a1100,158.txt,100,50,2005,3011.0,1.501746,0.624,58
Instanciasde1000a1100,159.txt,100,50,2005,3011.0,1.501746,0.641,60
Instanciasde1000a1100,160.txt,100,50,2004,3010.0,1.501996,0.653,61
Instanciasde1000a1100,211.txt,200,10,20179,21162.0,1.048714,0.375,189
Instanciasde1000a1100,212.txt,200,10,20174,21172.0,1.04947,0.338,184
Instanciasde1000a1100,213.txt,200,10,20172,22225.0,1.101775,0.411,178
Instanciasde1000a1100,214.txt,200,10,20181,22154.0,1.097765,0.377,177
Instanciasde1000a1100,215.txt,200,10,20171,21174.0,1.049725,0.362,188
Instanciasde1000a1100,216.txt,200,10,20189,21261.0,1.053098,0.357,180
Instanciasde1000a1100,217.txt,200,10,20183,21242.0,1.05247,0.391,174
Instanciasde1000a1100,218.txt,200,10,20187,22170.0,1.098232,0.343,182
Instanciasde1000a1100,219.txt,200,10,20170,21196.0,1.050868,0.321,183
Instanciasde1000a1100,220.txt,200,10,20167,21169.0,1.049685,0.369,187
Instanciasde1000a1100,221.txt,200,20,10048,11064.0,1.101115,0.675,178
Instanciasde1000a1100,222.txt,200,20,10046,11054.0,1.100338,0.707,175
Instanciasde1000a1100,223.txt,200,20,10044,11057.0,1.100856,0.635,180
Instanciasde1000a1100,224.txt,200,20,10048,11053.0,1.10002,0.662,180
Instanciasde1000a1100,225.txt,200,20,10046,11060.0,1.100936,0.667,177
Instanciasde1000a1100,226.txt,200,20,10047,11051.0,1.09993,0.619,175
Instanciasde1000a1100,227.txt,200,20,10050,11062.0,1.100697,0.767,180
Instanciasde1000a1100,228.txt,200,20,10045,11045.0,1.099552,0.666,175
Instanciasde1000a1100,229.txt,200,20,10048,11043.0,1.099025,0.636,180
Instanciasde1000a1100,230.txt,200,20,10041,12025.0,1.19759,0.635,178
Instanciasde1000a1100,231.txt,200,30,6688,8015.0,1.198415,1.028,165
Instanciasde1000a1100,232.txt,200,30,6689,8012.0,1.197787,1.065,167
Instanciasde1000a1100,233.txt,200,30,6685,7032.0,1.051907,1.236,163
Instanciasde1000a1100,234.txt,200,30,6688,8035.0,1.201406,1.158,168
Instanciasde1000a1100,235.txt,200,30,6689,8021.0,1.199133,1.204,166
Instanciasde1000a1100,236.txt,200,30,6686,8022.0,1.199821,1.291,167
Instanciasde1000a1100,237.txt,200,30,6688,7043.0,1.05308,1.197,168
Instanciasde1000a1100,238.txt,200,30,6686,7030.0,1.051451,1.116,171
Instanciasde1000a1100,239.txt,200,30,6688,8031.0,1.200807,0.972,164
Instanciasde1000a1100,240.txt,200,30,6687,8042.0,1.202632,1.106,164
Instanciasde1000a1100,241.txt,200,40,5010,6020.0,1.201597,1.745,162
Instanciasde1000a1100,242.txt,200,40,5011,7012.0,1.399321,1.72,159
Instanciasde1000a1100,243.txt,200,40,5012,6013.0,1.199721,1.602,160
Instanciasde1000a1100,244.txt,200,40,5013,6020.0,1.200878,1.452,152
Instanciasde1000a1100,245.txt,200,40,5010,7010.0,1.399202,2.091,157
Instanciasde1000a1100,246.txt,200,40,5012,6016.0,1.200319,1.416,165
Instanciasde1000a1100,247.txt,200,40,5013,6015.0,1.19988,2.278,160
Instanciasde1000a1100,248.txt,200,40,5013,6024.0,1.201676,1.55,159
Instanciasde1000a1100,249.txt,200,40,5011,7017.0,1.400319,1.599,153
Instanciasde1000a1100,250.txt,200,40,5013,6019.0,1.200678,1.417,162
Instanciasde1000a1100,251.txt,200,50,4007,5012.0,1.250811,2.405,154
Instanciasde1000a1100,252.txt,200,50,4008,5010.0,1.25,2.709,155
Instanciasde1000a1100,253.txt,200,50,4007,5008.0,1.249813,2.548,161
Instanciasde1000a1100,254.txt,200,50,4007,5009.0,1.250062,3.031,159
Instanciasde1000a1100,255.txt,200,50,4006,5010.0,1.250624,2.664,153
Instanciasde1000a1100,256.txt,200,50,4007,5013.0,1.251061,2.21,150
Instanciasde1000a1100,257.txt,200,50,4007,5011.0,1.250562,2.652,158
Instanciasde1000a1100,258.txt,200,50,4008,5047.0,1.259232,2.444,153
Instanciasde1000a1100,259.txt,200,50,4007,5012.0,1.250811,2.793,152
Instanciasde1000a1100,260.txt,200,50,4007,5012.0,1.250811,2.464,157
Instanciasde1000a1100,511.txt,500,10,50423,51421.0,1.019793,1.412,484
Instanciasde1000a1100,512.txt,500,10,50432,51413.0,1.019452,1.262,480
Instanciasde1000a1100,513.txt,500,10,50431,51419.0,1.019591,1.443,488
Instanciasde1000a1100,514.txt,500,10,50463,52444.0,1.039256,1.412,484
Instanciasde1000a1100,515.txt,500,10,50410,51378.0,1.019203,1.455,490
Instanciasde1000a1100,516.txt,500,10,50449,51526.0,1.021348,1.349,483
Instanciasde1000a1100,517.txt,500,10,50408,52517.0,1.041839,1.412,478
Instanciasde1000a1100,518.txt,500,10,50400,51322.0,1.018294,1.465,489
Instanciasde1000a1100,519.txt,500,10,50429,52435.0,1.039779,1.586,476
Instanciasde1000a1100,520.txt,500,10,50436,51466.0,1.020422,1.371,479
Instanciasde1000a1100,521.txt,500,20,25106,27091.0,1.079065,3.146,474
Instanciasde1000a1100,522.txt,500,20,25106,26109.0,1.039951,3.163,481
Instanciasde1000a1100,523.txt,500,20,25110,27125.0,1.080247,3.221,470
Instanciasde1000a1100,524.txt,500,20,25118,26138.0,1.040608,3.067,476
Instanciasde1000a1100,525.txt,500,20,25108,26110.0,1.039908,3.286,478
Instanciasde1000a1100,526.txt,500,20,25113,26116.0,1.039939,3.09,481
Instanciasde1000a1100,527.txt,500,20,25110,27125.0,1.080247,2.871,470
Instanciasde1000a1100,528.txt,500,20,25113,26119.0,1.040059,3.062,478
Instanciasde1000a1100,529.txt,500,20,25113,27120.0,1.079919,3.372,470
Instanciasde1000a1100,530.txt,500,20,25114,27139.0,1.080632,3.007,468
Instanciasde1000a1100,531.txt,500,30,16716,17091.0,1.022434,5.144,471
Instanciasde1000a1100,532.txt,500,30,16717,17075.0,1.021415,4.297,470
Instanciasde1000a1100,533.txt,500,30,16713,18047.0,1.079818,5.86,468
Instanciasde1000a1100,534.txt,500,30,16717,17078.0,1.021595,6.586,462
Instanciasde1000a1100,535.txt,500,30,16713,17083.0,1.022138,5.428,471
Instanciasde1000a1100,536.txt,500,30,16717,18093.0,1.082311,5.844,460
Instanciasde1000a1100,537.txt,500,30,16716,18066.0,1.080761,5.374,463
Instanciasde1000a1100,538.txt,500,30,16715,17085.0,1.022136,6.326,469
Instanciasde1000a1100,539.txt,500,30,16714,17076.0,1.021658,5.302,471
Instanciasde1000a1100,540.txt,500,30,16714,17083.0,1.022077,5.98,470
Instanciasde1000a1100,541.txt,500,40,12525,13040.0,1.041118,9.448,460
Instanciasde1000a1100,542.txt,500,40,12528,13051.0,1.041746,8.93,460
Instanciasde1000a1100,543.txt,500,40,12527,14051.0,1.121657,7.727,455
Instanciasde1000a1100,544.txt,500,40,12527,14035.0,1.12038,6.561,457
Instanciasde1000a1100,545.txt,500,40,12526,13050.0,1.041833,9.608,456
Instanciasde1000a1100,546.txt,500,40,12528,14025.0,1.119492,5.783,454
Instanciasde1000a1100,547.txt,500,40,12528,13046.0,1.041347,11.414,460
Instanciasde1000a1100,548.txt,500,40,12526,14057.0,1.122226,9.379,457
Instanciasde1000a1100,549.txt,500,40,12524,14029.0,1.120169,7.989,456
Instanciasde1000a1100,550.txt,500,40,12526,13040.0,1.041035,8.631,459
Instanciasde1000a1100,551.txt,500,50,10017,11031.0,1.101228,9.446,450
Instanciasde1000a1100,552.txt,500,50,10016,11019.0,1.10014,15.541,451
Instanciasde1000a1100,553.txt,500,50,10017,11027.0,1.100829,12.838,444
Instanciasde1000a1100,554.txt,500,50,10016,11018.0,1.10004,10.628,450
Instanciasde1000a1100,555.txt,500,50,10015,12017.0,1.1999,11.048,451
Instanciasde1000a1100,556.txt,500,50,10017,11017.0,1.09983,9.327,449
Instanciasde1000a1100,557.txt,500,50,10017,11017.0,1.09983,8.861,448
Instanciasde1000a1100,558.txt,500,50,10016,12004.0,1.198482,7.983,444
Instanciasde1000a1100,559.txt,500,50,10016,11024.0,1.100639,12.16,442
Instanciasde1000a1100,560.txt,500,50,10018,11018.0,1.09982,18.075,452
JobsCorre,1011.txt,1000,10,5485,5561.0,1.013856,3.55,985
JobsCorre,1012.txt,1000,10,5291,5507.0,1.040824,3.465,980
JobsCorre,1013.txt,1000,10,5222,5283.0,1.011681,3.225,990
JobsCorre,1014.txt,1000,10,5401,5459.0,1.010739,3.061,987
JobsCorre,1015.txt,1000,10,5257,5356.0,1.018832,2.929,989
JobsCorre,1016.txt,1000,10,5339,5414.0,1.014048,3.755,984
JobsCorre,1017.txt,1000,10,5207,5347.0,1.026887,3.224,981
JobsCorre,1018.txt,1000,10,5335,5408.0,1.013683,3.34,978
JobsCorre,1019.txt,1000,10,5236,5325.0,1.016998,3.522,987
JobsCorre,1020.txt,1000,10,5146,5277.0,1.025457,3.474,979
JobsCorre,1021.txt,1000,20,2601,2695.0,1.03614,8.024,970
JobsCorre,1022.txt,1000,20,2578,2650.0,1.027929,7.042,980
JobsCorre,1023.txt,1000,20,2521,2628.0,1.042443,7.439,975
JobsCorre,1024.txt,1000,20,2619,2691.0,1.027491,7.902,974
JobsCorre,1025.txt,1000,20,2553,2637.0,1.032902,6.704,980
JobsCorre,1026.txt,1000,20,2604,2672.0,1.026114,7.174,973
JobsCorre,1027.txt,1000,20,2656,2728.0,1.027108,7.826,978
JobsCorre,1028.txt,1000,20,2574,2694.0,1.04662,7.011,969
JobsCorre,1029.txt,1000,20,2612,2695.0,1.031776,7.267,970
JobsCorre,1030.txt,1000,20,2532,2647.0,1.045419,7.511,977
JobsCorre,1031.txt,1000,30,1730,1896.0,1.095954,14.067,962
JobsCorre,1032.txt,1000,30,1740,1899.0,1.091379,12.567,963
JobsCorre,1033.txt,1000,30,1690,1814.0,1.073373,12.391,958
JobsCorre,1034.txt,1000,30,1730,1826.0,1.055491,14.778,960
JobsCorre,1035.txt,1000,30,1707,1769.0,1.036321,12.76,963
JobsCorre,1036.txt,1000,30,1702,1760.0,1.034078,13.497,972
JobsCorre,1037.txt,1000,30,1693,1763.0,1.041347,13.201,970
JobsCorre,1038.txt,1000,30,1756,1915.0,1.090547,14.059,962
JobsCorre,1039.txt,1000,30,1712,1838.0,1.073598,14.81,955
JobsCorre,1040.txt,1000,30,1710,1814.0,1.060819,12.7,965
JobsCorre,1041.txt,1000,40,1326,1418.0,1.069382,19.422,958
JobsCorre,1042.txt,1000,40,1330,1557.0,1.170677,19.737,949
JobsCorre,1043.txt,1000,40,1255,1382.0,1.101195,18.911,946
JobsCorre,1044.txt,1000,40,1328,1402.0,1.055723,18.362,959
JobsCorre,1045.txt,1000,40,1263,1386.0,1.097387,19.175,949
JobsCorre,1046.txt,1000,40,1243,1337.0,1.075623,17.566,954
JobsCorre,1047.txt,1000,40,1310,1386.0,1.058015,20.805,960
JobsCorre,1048.txt,1000,40,1312,1388.0,1.057927,17.475,963
JobsCorre,1049.txt,1000,40,1309,1371.0,1.047364,17.007,960
JobsCorre,1050.txt,1000,40,1283,1356.0,1.056898,17.63,959
JobsCorre,1051.txt,1000,50,1016,1095.0,1.077756,22.723,949
JobsCorre,1052.txt,1000,50,1026,1132.0,1.103314,25.908,949
JobsCorre,1053.txt,1000,50,1025,1164.0,1.13561,24.898,946
JobsCorre,1054.txt,1000,50,996,1116.0,1.120482,24.349,943
JobsCorre,1055.txt,1000,50,1012,1120.0,1.106719,23.363,939
JobsCorre,1056.txt,1000,50,1018,1102.0,1.082515,23.901,945
JobsCorre,1057.txt,1000,50,1056,1119.0,1.059659,25.144,951
JobsCorre,1058.txt,1000,50,1023,1153.0,1.127077,26.752,943
JobsCorre,1059.txt,1000,50,1041,1116.0,1.072046,24.676,942
JobsCorre,1060.txt,1000,50,1025,1134.0,1.106341,20.016,941
JobsCorre,111.txt,100,10,502,605.0,1.205179,0.117,83
JobsCorre,112.txt,100,10,513,593.0,1.155945,0.096,89
JobsCorre,113.txt,100,10,551,622.0,1.128857,0.112,81
JobsCorre,114.txt,100,10,549,624.0,1.136612,0.088,90
JobsCorre,115.txt,100,10,559,648.0,1.159213,0.126,83
JobsCorre,116.txt,100,10,506,610.0,1.205534,0.14,85
JobsCorre,117.txt,100,10,503,579.0,1.151093,0.088,88
JobsCorre,118.txt,100,10,506,581.0,1.148221,0.087,91
JobsCorre,119.txt,100,10,527,626.0,1.187856,0.078,89
JobsCorre,120.txt,100,10,488,557.0,1.141393,0.095,86
JobsCorre,121.txt,100,20,254,320.0,1.259843,0.18,82
JobsCorre,122.txt,100,20,254,331.0,1.30315,0.218,80
JobsCorre,123.txt,100,20,267,331.0,1.2397,0.174,83
JobsCorre,124.txt,100,20,287,364.0,1.268293,0.225,79
JobsCorre,125.txt,100,20,282,416.0,1.475177,0.197,78
JobsCorre,126.txt,100,20,260,330.0,1.269231,0.179,80
JobsCorre,127.txt,100,20,267,345.0,1.292135,0.193,75
JobsCorre,128.txt,100,20,282,347.0,1.230496,0.182,73
JobsCorre,129.txt,100,20,268,334.0,1.246269,0.189,82
JobsCorre,130.txt,100,20,230,285.0,1.23913,0.202,80
JobsCorre,131.txt,100,30,172,235.0,1.366279,0.257,71
JobsCorre,132.txt,100,30,169,247.0,1.461538,0.279,73
JobsCorre,133.txt,100,30,178,268.0,1.505618,0.253,75
JobsCorre,134.txt,100,30,168,247.0,1.470238,0.279,71
JobsCorre,135.txt,100,30,165,220.0,1.333333,0.262,69
JobsCorre,136.txt,100,30,160,227.0,1.41875,0.256,74
JobsCorre,137.txt,100,30,168,263.0,1.565476,0.263,72
JobsCorre,138.txt,100,30,165,249.0,1.509091,0.265,74
JobsCorre,139.txt,100,30,180,269.0,1.494444,0.34,69
JobsCorre,140.txt,100,30,175,256.0,1.462857,0.275,71
JobsCorre,141.txt,100,40,138,224.0,1.623188,0.442,64
JobsCorre,142.txt,100,40,124,192.0,1.548387,0.421,68
JobsCorre,143.txt,100,40,146,225.0,1.541096,0.405,66
JobsCorre,144.txt,100,40,135,211.0,1.562963,0.367,70
JobsCorre,145.txt,100,40,135,205.0,1.518519,0.442,64
JobsCorre,146.txt,100,40,136,214.0,1.573529,0.373,67
JobsCorre,147.txt,100,40,119,210.0,1.764706,0.428,70
JobsCorre,148.txt,100,40,133,209.0,1.571429,0.458,72
JobsCorre,149.txt,100,40,120,215.0,1.791667,0.41,65
JobsCorre,150.txt,100,40,129,219.0,1.697674,0.383,64
JobsCorre,151.txt,100,50,101,199.0,1.970297,0.388,65
JobsCorre,152.txt,100,50,106,192.0,1.811321,0.478,66
JobsCorre,153.txt,100,50,108,195.0,1.805556,0.532,66
JobsCorre,154.txt,100,50,105,179.0,1.704762,0.513,60
JobsCorre,155.txt,100,50,100,183.0,1.83,0.33,67
JobsCorre,156.txt,100,50,107,200.0,1.869159,0.587,68
JobsCorre,157.txt,100,50,116,200.0,1.724138,0.579,64
JobsCorre,158.txt,100,50,105,197.0,1.87619,0.669,64
JobsCorre,159.txt,100,50,101,187.0,1.851485,0.367,69
JobsCorre,160.txt,100,50,101,194.0,1.920792,0.281,69
JobsCorre,211.txt,200,10,1119,1215.0,1.085791,0.332,182
JobsCorre,212.txt,200,10,1062,1137.0,1.070621,0.226,190
JobsCorre,213.txt,200,10,1093,1331.0,1.217749,0.253,183
JobsCorre,214.txt,200,10,1098,1240.0,1.129326,0.248,178
JobsCorre,215.txt,200,10,1013,1090.0,1.076012,0.274,187
JobsCorre,216.txt,200,10,1069,1166.0,1.090739,0.262,183
JobsCorre,217.txt,200,10,969,1098.0,1.133127,0.206,182
JobsCorre,218.txt,200,10,1102,1168.0,1.059891,0.228,190
JobsCorre,219.txt,200,10,1037,1187.0,1.144648,0.234,183
JobsCorre,220.txt,200,10,1084,1139.0,1.050738,0.288,190
JobsCorre,221.txt,200,20,511,586.0,1.146771,0.451,181
JobsCorre,222.txt,200,20,515,616.0,1.196117,0.436,179
JobsCorre,223.txt,200,20,555,640.0,1.153153,0.535,181
JobsCorre,224.txt,200,20,566,652.0,1.151943,0.566,182
JobsCorre,225.txt,200,20,556,643.0,1.156475,0.574,177
JobsCorre,226.txt,200,20,532,590.0,1.109023,0.528,183
JobsCorre,227.txt,200,20,507,618.0,1.218935,0.516,167
JobsCorre,228.txt,200,20,522,615.0,1.178161,0.572,178
JobsCorre,229.txt,200,20,498,649.0,1.303213,0.482,172
JobsCorre,230.txt,200,20,521,598.0,1.147793,0.443,182
JobsCorre,231.txt,200,30,348,494.0,1.41954,0.721,164
JobsCorre,232.txt,200,30,351,436.0,1.242165,0.723,169
JobsCorre,233.txt,200,30,333,405.0,1.216216,0.817,172
JobsCorre,234.txt,200,30,351,503.0,1.433048,0.689,164
JobsCorre,235.txt,200,30,315,461.0,1.463492,0.763,161
JobsCorre,236.txt,200,30,344,408.0,1.186047,0.779,175
JobsCorre,237.txt,200,30,354,447.0,1.262712,0.722,171
JobsCorre,238.txt,200,30,354,419.0,1.183616,0.878,171
JobsCorre,239.txt,200,30,342,433.0,1.266082,0.764,170
JobsCorre,240.txt,200,30,338,488.0,1.443787,0.661,166
JobsCorre,241.txt,200,40,246,327.0,1.329268,1.146,163
JobsCorre,242.txt,200,40,256,362.0,1.414062,1.065,156
JobsCorre,243.txt,200,40,253,373.0,1.474308,0.918,155
JobsCorre,244.txt,200,40,262,462.0,1.763359,0.922,156
JobsCorre,245.txt,200,40,259,348.0,1.343629,1.067,163
JobsCorre,246.txt,200,40,259,350.0,1.351351,0.941,162
JobsCorre,247.txt,200,40,263,342.0,1.30038,1.021,160
JobsCorre,248.txt,200,40,241,318.0,1.319502,0.913,166
JobsCorre,249.txt,200,40,252,339.0,1.345238,1.135,167
JobsCorre,250.txt,200,40,236,320.0,1.355932,0.865,166
JobsCorre,251.txt,200,50,219,295.0,1.347032,1.198,156
JobsCorre,252.txt,200,50,206,282.0,1.368932,1.097,151
JobsCorre,253.txt,200,50,212,307.0,1.448113,1.324,159
JobsCorre,254.txt,200,50,207,284.0,1.371981,1.225,155
JobsCorre,255.txt,200,50,196,268.0,1.367347,1.263,155
JobsCorre,256.txt,200,50,188,252.0,1.340426,1.342,149
JobsCorre,257.txt,200,50,218,295.0,1.353211,1.05,157
JobsCorre,258.txt,200,50,201,282.0,1.402985,1.322,156
JobsCorre,259.txt,200,50,199,270.0,1.356784,1.113,157
JobsCorre,260.txt,200,50,217,293.0,1.35023,1.295,154
JobsCorre,511.txt,500,10,2600,2772.0,1.066154,0.99,484
JobsCorre,512.txt,500,10,2642,2724.0,1.031037,0.991,490
JobsCorre,513.txt,500,10,2679,2834.0,1.057857,0.976,482
JobsCorre,514.txt,500,10,2752,2876.0,1.045058,1.063,484
JobsCorre,515.txt,500,10,2596,2744.0,1.057011,0.96,479
JobsCorre,516.txt,500,10,2611,2656.0,1.017235,1.069,490
JobsCorre,517.txt,500,10,2521,2589.0,1.026973,1.117,486
JobsCorre,518.txt,500,10,2638,2715.0,1.029189,1.006,490
JobsCorre,519.txt,500,10,2710,2972.0,1.096679,1.069,473
JobsCorre,520.txt,500,10,2630,2802.0,1.065399,0.982,483
JobsCorre,521.txt,500,20,1272,1341.0,1.054245,1.984,483
JobsCorre,522.txt,500,20,1293,1391.0,1.075793,2.225,474
JobsCorre,523.txt,500,20,1319,1390.0,1.053829,2.114,479
JobsCorre,524.txt,500,20,1353,1424.0,1.052476,2.347,480
JobsCorre,525.txt,500,20,1327,1470.0,1.107762,2.326,474
JobsCorre,526.txt,500,20,1283,1362.0,1.061574,2.283,481
JobsCorre,527.txt,500,20,1333,1407.0,1.055514,2.539,473
JobsCorre,528.txt,500,20,1290,1363.0,1.056589,2.114,474
JobsCorre,529.txt,500,20,1276,1350.0,1.057994,2.071,480
JobsCorre,530.txt,500,20,1281,1358.0,1.060109,1.95,478
JobsCorre,531.txt,500,30,885,964.0,1.089266,3.593,467
JobsCorre,532.txt,500,30,834,930.0,1.115108,3.299,462
JobsCorre,533.txt,500,30,862,983.0,1.140371,3.826,462
JobsCorre,534.txt,500,30,855,938.0,1.097076,3.852,467
JobsCorre,535.txt,500,30,892,1110.0,1.244395,3.656,459
JobsCorre,536.txt,500,30,879,949.0,1.079636,3.823,471
JobsCorre,537.txt,500,30,841,1007.0,1.197384,3.839,464
JobsCorre,538.txt,500,30,834,914.0,1.095923,3.636,467
JobsCorre,539.txt,500,30,862,929.0,1.077726,3.533,472
JobsCorre,540.txt,500,30,865,939.0,1.085549,3.817,464
JobsCorre,541.txt,500,40,655,727.0,1.109924,4.541,456
JobsCorre,542.txt,500,40,654,722.0,1.103976,4.634,451
JobsCorre,543.txt,500,40,636,782.0,1.22956,4.8,453
JobsCorre,544.txt,500,40,647,727.0,1.123648,4.228,459
JobsCorre,545.txt,500,40,673,791.0,1.175334,4.328,451
JobsCorre,546.txt,500,40,647,717.0,1.108192,4.74,456
JobsCorre,547.txt,500,40,664,756.0,1.138554,4.826,462
JobsCorre,548.txt,500,40,636,724.0,1.138365,5.058,453
JobsCorre,549.txt,500,40,623,705.0,1.131621,4.501,458
JobsCorre,550.txt,500,40,617,687.0,1.113452,4.759,460
JobsCorre,551.txt,500,50,504,590.0,1.170635,6.648,446
JobsCorre,552.txt,500,50,524,678.0,1.293893,6.236,441
JobsCorre,553.txt,500,50,519,621.0,1.196532,6.217,445
JobsCorre,554.txt,500,50,512,608.0,1.1875,6.298,451
JobsCorre,555.txt,500,50,531,650.0,1.224105,6.959,442
JobsCorre,556.txt,500,50,520,619.0,1.190385,6.163,441
JobsCorre,557.txt,500,50,510,594.0,1.164706,7.009,453
JobsCorre,558.txt,500,50,529,613.0,1.15879,6.487,450
JobsCorre,559.txt,500,50,526,630.0,1.197719,5.064,449
JobsCorre,560.txt,500,50,516,587.0,1.137597,5.07,452
MaqCorre,1011.txt,1000,10,2544,2687.0,1.056211,3.501,980
MaqCorre,1012.txt,1000,10,3534,3578.0,1.01245,3.611,989
MaqCorre,1013.txt,1000,10,2037,2124.0,1.04271,3.178,979
MaqCorre,1014.txt,1000,10,4306,4386.0,1.018579,3.206,989
MaqCorre,1015.txt,1000,10,2644,2709.0,1.024584,3.288,985
MaqCorre,1016.txt,1000,10,6281,6319.0,1.00605,3.697,990
MaqCorre,1017.txt,1000,10,3574,3651.0,1.021544,3.772,990
MaqCorre,1018.txt,1000,10,2819,2863.0,1.015608,2.474,986
MaqCorre,1019.txt,1000,10,3036,3150.0,1.037549,3.034,984
MaqCorre,1020.txt,1000,10,5670,6087.0,1.073545,4.047,977
MaqCorre,1021.txt,1000,20,1036,1072.0,1.034749,6.376,979
MaqCorre,1022.txt,1000,20,982,1036.0,1.05499,7.377,975
MaqCorre,1023.txt,1000,20,2034,2110.0,1.037365,6.763,973
MaqCorre,1024.txt,1000,20,1048,1099.0,1.048664,7.596,972
MaqCorre,1025.txt,1000,20,1670,1757.0,1.052096,6.925,975
MaqCorre,1026.txt,1000,20,1266,1329.0,1.049763,7.386,980
MaqCorre,1027.txt,1000,20,856,880.0,1.028037,6.463,979
MaqCorre,1028.txt,1000,20,1226,1265.0,1.031811,6.857,977
MaqCorre,1029.txt,1000,20,2567,2835.0,1.104402,8.195,969
MaqCorre,1030.txt,1000,20,1230,1265.0,1.028455,7.03,980
MaqCorre,1031.txt,1000,30,1254,1359.0,1.083732,12.299,965
MaqCorre,1032.txt,1000,30,894,984.0,1.100671,12.326,970
MaqCorre,1033.txt,1000,30,744,790.0,1.061828,10.795,962
MaqCorre,1034.txt,1000,30,1185,1249.0,1.054008,11.78,966
MaqCorre,1035.txt,1000,30,998,1052.0,1.054108,13.378,968
MaqCorre,1036.txt,1000,30,715,792.0,1.107692,11.872,960
MaqCorre,1037.txt,1000,30,667,705.0,1.056972,11.652,972
MaqCorre,1038.txt,1000,30,941,1025.0,1.089267,12.512,959
MaqCorre,1039.txt,1000,30,525,580.0,1.104762,8.321,966
MaqCorre,1040.txt,1000,30,777,875.0,1.126126,15.849,949
MaqCorre,1041.txt,1000,40,749,820.0,1.094793,19.146,954
MaqCorre,1042.txt,1000,40,814,888.0,1.090909,17.865,951
MaqCorre,1043.txt,1000,40,864,944.0,1.092593,18.945,955
MaqCorre,1044.txt,1000,40,608,682.0,1.121711,17.265,962
MaqCorre,1045.txt,1000,40,646,717.0,1.109907,18.906,947
MaqCorre,1046.txt,1000,40,552,612.0,1.108696,15.431,962
MaqCorre,1047.txt,1000,40,841,917.0,1.090369,20.764,958
MaqCorre,1048.txt,1000,40,586,650.0,1.109215,18.236,949
MaqCorre,1049.txt,1000,40,929,1016.0,1.093649,18.595,962
MaqCorre,1050.txt,1000,40,569,647.0,1.137083,16.064,962
MaqCorre,1051.txt,1000,50,823,912.0,1.108141,25.703,949
MaqCorre,1052.txt,1000,50,524,592.0,1.129771,22.019,949
MaqCorre,1053.txt,1000,50,503,568.0,1.129225,21.002,950
MaqCorre,1054.txt,1000,50,701,768.0,1.095578,25.601,952
MaqCorre,1055.txt,1000,50,377,463.0,1.228117,19.911,952
MaqCorre,1056.txt,1000,50,383,454.0,1.185379,16.964,955
MaqCorre,1057.txt,1000,50,372,452.0,1.215054,17.236,952
MaqCorre,1058.txt,1000,50,461,527.0,1.143167,22.407,945
MaqCorre,1059.txt,1000,50,496,590.0,1.189516,21.057,952
MaqCorre,1060.txt,1000,50,559,617.0,1.103757,23.661,944
MaqCorre,111.txt,100,10,433,619.0,1.429561,0.119,81
MaqCorre,112.txt,100,10,407,476.0,1.169533,0.087,90
MaqCorre,113.txt,100,10,286,318.0,1.111888,0.223,89
MaqCorre,114.txt,100,10,345,465.0,1.347826,0.112,80
MaqCorre,115.txt,100,10,320,364.0,1.1375,0.082,91
MaqCorre,116.txt,100,10,158,189.0,1.196203,0.096,86
MaqCorre,117.txt,100,10,498,583.0,1.170683,0.12,89
MaqCorre,118.txt,100,10,256,290.0,1.132812,0.115,86
MaqCorre,119.txt,100,10,351,403.0,1.148148,0.09,86
MaqCorre,120.txt,100,10,299,330.0,1.103679,0.085,88
MaqCorre,121.txt,100,20,100,183.0,1.83,0.215,84
MaqCorre,122.txt,100,20,131,185.0,1.412214,0.187,82
MaqCorre,123.txt,100,20,112,154.0,1.375,0.209,80
MaqCorre,124.txt,100,20,82,119.0,1.45122,0.169,84
MaqCorre,125.txt,100,20,162,200.0,1.234568,0.179,82
MaqCorre,126.txt,100,20,97,188.0,1.938144,0.159,85
MaqCorre,127.txt,100,20,205,294.0,1.434146,0.167,79
MaqCorre,128.txt,100,20,147,197.0,1.340136,0.161,83
MaqCorre,129.txt,100,20,111,203.0,1.828829,0.231,81
MaqCorre,130.txt,100,20,196,276.0,1.408163,0.172,79
MaqCorre,131.txt,100,30,72,135.0,1.875,0.233,82
MaqCorre,132.txt,100,30,90,156.0,1.733333,0.289,80
MaqCorre,133.txt,100,30,90,177.0,1.966667,0.261,78
MaqCorre,134.txt,100,30,117,196.0,1.675214,0.324,74
MaqCorre,135.txt,100,30,71,120.0,1.690141,0.237,81
MaqCorre,136.txt,100,30,115,169.0,1.469565,0.328,72
MaqCorre,137.txt,100,30,122,199.0,1.631148,0.31,75
MaqCorre,138.txt,100,30,108,183.0,1.694444,0.339,74
MaqCorre,139.txt,100,30,99,196.0,1.979798,0.325,75
MaqCorre,140.txt,100,30,107,187.0,1.747664,0.345,76
MaqCorre,141.txt,100,40,64,105.0,1.640625,0.28,83
MaqCorre,142.txt,100,40,66,127.0,1.924242,0.341,80
MaqCorre,143.txt,100,40,68,89.0,1.308824,0.314,78
MaqCorre,144.txt,100,40,99,186.0,1.878788,0.417,70
MaqCorre,145.txt,100,40,86,168.0,1.953488,0.444,74
MaqCorre,146.txt,100,40,80,138.0,1.725,0.367,74
MaqCorre,147.txt,100,40,66,91.0,1.378788,0.366,76
MaqCorre,148.txt,100,40,68,134.0,1.970588,0.351,82
MaqCorre,149.txt,100,40,89,170.0,1.910112,0.424,72
MaqCorre,150.txt,100,40,78,149.0,1.910256,0.36,71
MaqCorre,151.txt,100,50,72,140.0,1.944444,0.554,69
MaqCorre,152.txt,100,50,61,100.0,1.639344,0.353,77
MaqCorre,153.txt,100,50,56,111.0,1.982143,0.431,76
MaqCorre,154.txt,100,50,72,123.0,1.708333,0.408,73
MaqCorre,155.txt,100,50,64,114.0,1.78125,0.409,75
MaqCorre,156.txt,100,50,60,119.0,1.983333,0.409,78
MaqCorre,157.txt,100,50,68,131.0,1.926471,0.437,71
MaqCorre,158.txt,100,50,68,134.0,1.970588,0.477,70
MaqCorre,159.txt,100,50,65,122.0,1.876923,0.425,82
MaqCorre,160.txt,100,50,55,103.0,1.872727,0.319,80
MaqCorre,211.txt,200,10,508,553.0,1.088583,0.204,185
MaqCorre,212.txt,200,10,464,519.0,1.118534,0.194,188
MaqCorre,213.txt,200,10,811,863.0,1.064118,0.29,189
MaqCorre,214.txt,200,10,777,868.0,1.117117,0.243,189
MaqCorre,215.txt,200,10,583,615.0,1.054889,0.202,186
MaqCorre,216.txt,200,10,1126,1427.0,1.267318,0.289,178
MaqCorre,217.txt,200,10,571,655.0,1.14711,0.244,189
MaqCorre,218.txt,200,10,823,966.0,1.173755,0.284,182
MaqCorre,219.txt,200,10,528,561.0,1.0625,0.242,190
MaqCorre,220.txt,200,10,648,684.0,1.055556,0.191,190
MaqCorre,221.txt,200,20,402,489.0,1.216418,0.505,180
MaqCorre,222.txt,200,20,414,551.0,1.330918,0.491,171
MaqCorre,223.txt,200,20,172,238.0,1.383721,0.449,177
MaqCorre,224.txt,200,20,362,429.0,1.185083,0.605,176
MaqCorre,225.txt,200,20,339,385.0,1.135693,0.399,175
MaqCorre,226.txt,200,20,341,405.0,1.187683,0.49,181
MaqCorre,227.txt,200,20,293,347.0,1.1843,0.428,176
MaqCorre,228.txt,200,20,360,419.0,1.163889,0.439,172
MaqCorre,229.txt,200,20,367,417.0,1.13624,0.511,181
MaqCorre,230.txt,200,20,352,403.0,1.144886,0.473,181
MaqCorre,231.txt,200,30,223,296.0,1.327354,0.879,169
MaqCorre,232.txt,200,30,149,221.0,1.483221,0.76,174
MaqCorre,233.txt,200,30,200,263.0,1.315,0.697,168
MaqCorre,234.txt,200,30,196,265.0,1.352041,0.675,170
MaqCorre,235.txt,200,30,259,307.0,1.185328,0.81,167
MaqCorre,236.txt,200,30,186,277.0,1.489247,0.779,174
MaqCorre,237.txt,200,30,331,487.0,1.471299,0.689,166
MaqCorre,238.txt,200,30,148,221.0,1.493243,0.696,170
MaqCorre,239.txt,200,30,151,199.0,1.317881,0.889,167
MaqCorre,240.txt,200,30,233,279.0,1.197425,0.661,173
MaqCorre,241.txt,200,40,118,184.0,1.559322,1.23,166
MaqCorre,242.txt,200,40,161,214.0,1.329193,1.0,166
MaqCorre,243.txt,200,40,137,207.0,1.510949,1.181,165
MaqCorre,244.txt,200,40,115,168.0,1.46087,1.607,167
MaqCorre,245.txt,200,40,144,192.0,1.333333,0.894,155
MaqCorre,246.txt,200,40,154,203.0,1.318182,0.97,156
MaqCorre,247.txt,200,40,185,238.0,1.286486,1.054,164
MaqCorre,248.txt,200,40,127,202.0,1.590551,1.303,162
MaqCorre,249.txt,200,40,138,197.0,1.427536,1.267,163
MaqCorre,250.txt,200,40,143,201.0,1.405594,0.975,167
MaqCorre,251.txt,200,50,131,192.0,1.465649,1.565,155
MaqCorre,252.txt,200,50,110,197.0,1.790909,1.589,158
MaqCorre,253.txt,200,50,146,204.0,1.39726,1.488,155
MaqCorre,254.txt,200,50,70,108.0,1.542857,0.817,173
MaqCorre,255.txt,200,50,112,193.0,1.723214,1.968,155
MaqCorre,256.txt,200,50,104,184.0,1.769231,1.623,158
MaqCorre,257.txt,200,50,105,201.0,1.914286,1.619,157
MaqCorre,258.txt,200,50,105,187.0,1.780952,1.707,158
MaqCorre,259.txt,200,50,128,204.0,1.59375,1.511,153
MaqCorre,260.txt,200,50,97,191.0,1.969072,1.502,160
MaqCorre,511.txt,500,10,1274,1319.0,1.035322,1.218,485
MaqCorre,512.txt,500,10,2606,2741.0,1.051804,1.244,482
MaqCorre,513.txt,500,10,1911,1982.0,1.037153,0.723,479
MaqCorre,514.txt,500,10,1251,1286.0,1.027978,0.912,489
MaqCorre,515.txt,500,10,2295,2329.0,1.014815,1.154,490
MaqCorre,516.txt,500,10,2113,2164.0,1.024136,0.902,488
MaqCorre,517.txt,500,10,2372,2422.0,1.021079,1.11,489
MaqCorre,518.txt,500,10,2600,2640.0,1.015385,1.479,491
MaqCorre,519.txt,500,10,1142,1247.0,1.091944,0.948,481
MaqCorre,520.txt,500,10,1245,1312.0,1.053815,1.064,485
MaqCorre,521.txt,500,20,653,700.0,1.071975,1.982,478
MaqCorre,522.txt,500,20,722,828.0,1.146814,2.443,471
MaqCorre,523.txt,500,20,817,875.0,1.070991,2.317,477
MaqCorre,524.txt,500,20,602,701.0,1.164452,2.14,469
MaqCorre,525.txt,500,20,1129,1272.0,1.126661,2.149,465
MaqCorre,526.txt,500,20,1258,1578.0,1.254372,2.605,462
MaqCorre,527.txt,500,20,877,931.0,1.061574,1.989,478
MaqCorre,528.txt,500,20,1132,1210.0,1.068905,2.498,477
MaqCorre,529.txt,500,20,447,506.0,1.131991,2.102,480
MaqCorre,530.txt,500,20,431,495.0,1.148492,2.086,481
MaqCorre,531.txt,500,30,407,464.0,1.140049,3.579,471
MaqCorre,532.txt,500,30,521,601.0,1.153551,4.141,468
MaqCorre,533.txt,500,30,473,525.0,1.109937,3.533,463
MaqCorre,534.txt,500,30,417,482.0,1.155875,3.302,469
MaqCorre,535.txt,500,30,422,500.0,1.184834,3.76,466
MaqCorre,536.txt,500,30,357,413.0,1.156863,3.626,463
MaqCorre,537.txt,500,30,518,583.0,1.125483,3.224,469
MaqCorre,538.txt,500,30,625,697.0,1.1152,3.86,466
MaqCorre,539.txt,500,30,449,516.0,1.14922,3.777,469
MaqCorre,540.txt,500,30,624,677.0,1.084936,3.675,466
MaqCorre,541.txt,500,40,297,372.0,1.252525,5.427,461
MaqCorre,542.txt,500,40,306,368.0,1.202614,5.256,454
MaqCorre,543.txt,500,40,357,436.0,1.221289,5.758,453
MaqCorre,544.txt,500,40,301,387.0,1.285714,5.074,453
MaqCorre,545.txt,500,40,293,376.0,1.283276,4.652,464
MaqCorre,546.txt,500,40,381,459.0,1.204724,5.046,461
MaqCorre,547.txt,500,40,409,503.0,1.229829,5.429,461
MaqCorre,548.txt,500,40,312,396.0,1.269231,5.004,463
MaqCorre,549.txt,500,40,439,526.0,1.198178,5.07,461
MaqCorre,550.txt,500,40,342,410.0,1.19883,5.237,463
MaqCorre,551.txt,500,50,173,248.0,1.433526,4.931,453
MaqCorre,552.txt,500,50,281,348.0,1.238434,7.155,445
MaqCorre,553.txt,500,50,267,336.0,1.258427,6.974,454
MaqCorre,554.txt,500,50,234,302.0,1.290598,6.935,453
MaqCorre,555.txt,500,50,307,402.0,1.309446,7.313,447
MaqCorre,556.txt,500,50,181,247.0,1.364641,4.509,444
MaqCorre,557.txt,500,50,329,387.0,1.176292,7.17,455
MaqCorre,558.txt,500,50,281,368.0,1.309609,6.558,451
MaqCorre,559.txt,500,50,225,294.0,1.306667,6.522,455
MaqCorre,560.txt,500,50,240,308.0,1.283333,6.098,456
